-- phpMyAdmin SQL Dump
-- version 5.2.1
-- https://www.phpmyadmin.net/
--
-- Host: 127.0.0.1:3306
-- Gegenereerd op: 20 feb 2025 om 20:12
-- Serverversie: 9.1.0
-- PHP-versie: 8.3.14

SET SQL_MODE = "NO_AUTO_VALUE_ON_ZERO";
START TRANSACTION;
SET time_zone = "+00:00";


/*!40101 SET @OLD_CHARACTER_SET_CLIENT=@@CHARACTER_SET_CLIENT */;
/*!40101 SET @OLD_CHARACTER_SET_RESULTS=@@CHARACTER_SET_RESULTS */;
/*!40101 SET @OLD_COLLATION_CONNECTION=@@COLLATION_CONNECTION */;
/*!40101 SET NAMES utf8mb4 */;

--
-- Database: `6filmpjes`
--
CREATE DATABASE IF NOT EXISTS `6filmpjes` DEFAULT CHARACTER SET utf8mb4 COLLATE utf8mb4_0900_ai_ci;
USE `6filmpjes`;
--
-- Database: `6fimlpjes`
--
CREATE DATABASE IF NOT EXISTS `6fimlpjes` DEFAULT CHARACTER SET utf8mb4 COLLATE utf8mb4_0900_ai_ci;
USE `6fimlpjes`;

-- --------------------------------------------------------

--
-- Tabelstructuur voor tabel `cache`
--

DROP TABLE IF EXISTS `cache`;
CREATE TABLE IF NOT EXISTS `cache` (
  `key` varchar(255) COLLATE utf8mb4_unicode_ci NOT NULL,
  `value` mediumtext COLLATE utf8mb4_unicode_ci NOT NULL,
  `expiration` int NOT NULL,
  PRIMARY KEY (`key`)
) ENGINE=InnoDB DEFAULT CHARSET=utf8mb4 COLLATE=utf8mb4_unicode_ci;

-- --------------------------------------------------------

--
-- Tabelstructuur voor tabel `cache_locks`
--

DROP TABLE IF EXISTS `cache_locks`;
CREATE TABLE IF NOT EXISTS `cache_locks` (
  `key` varchar(255) COLLATE utf8mb4_unicode_ci NOT NULL,
  `owner` varchar(255) COLLATE utf8mb4_unicode_ci NOT NULL,
  `expiration` int NOT NULL,
  PRIMARY KEY (`key`)
) ENGINE=InnoDB DEFAULT CHARSET=utf8mb4 COLLATE=utf8mb4_unicode_ci;

-- --------------------------------------------------------

--
-- Tabelstructuur voor tabel `failed_jobs`
--

DROP TABLE IF EXISTS `failed_jobs`;
CREATE TABLE IF NOT EXISTS `failed_jobs` (
  `id` bigint UNSIGNED NOT NULL AUTO_INCREMENT,
  `uuid` varchar(255) COLLATE utf8mb4_unicode_ci NOT NULL,
  `connection` text COLLATE utf8mb4_unicode_ci NOT NULL,
  `queue` text COLLATE utf8mb4_unicode_ci NOT NULL,
  `payload` longtext COLLATE utf8mb4_unicode_ci NOT NULL,
  `exception` longtext COLLATE utf8mb4_unicode_ci NOT NULL,
  `failed_at` timestamp NOT NULL DEFAULT CURRENT_TIMESTAMP,
  PRIMARY KEY (`id`),
  UNIQUE KEY `failed_jobs_uuid_unique` (`uuid`)
) ENGINE=InnoDB DEFAULT CHARSET=utf8mb4 COLLATE=utf8mb4_unicode_ci;

-- --------------------------------------------------------

--
-- Tabelstructuur voor tabel `jobs`
--

DROP TABLE IF EXISTS `jobs`;
CREATE TABLE IF NOT EXISTS `jobs` (
  `id` bigint UNSIGNED NOT NULL AUTO_INCREMENT,
  `queue` varchar(255) COLLATE utf8mb4_unicode_ci NOT NULL,
  `payload` longtext COLLATE utf8mb4_unicode_ci NOT NULL,
  `attempts` tinyint UNSIGNED NOT NULL,
  `reserved_at` int UNSIGNED DEFAULT NULL,
  `available_at` int UNSIGNED NOT NULL,
  `created_at` int UNSIGNED NOT NULL,
  PRIMARY KEY (`id`),
  KEY `jobs_queue_index` (`queue`)
) ENGINE=InnoDB DEFAULT CHARSET=utf8mb4 COLLATE=utf8mb4_unicode_ci;

-- --------------------------------------------------------

--
-- Tabelstructuur voor tabel `job_batches`
--

DROP TABLE IF EXISTS `job_batches`;
CREATE TABLE IF NOT EXISTS `job_batches` (
  `id` varchar(255) COLLATE utf8mb4_unicode_ci NOT NULL,
  `name` varchar(255) COLLATE utf8mb4_unicode_ci NOT NULL,
  `total_jobs` int NOT NULL,
  `pending_jobs` int NOT NULL,
  `failed_jobs` int NOT NULL,
  `failed_job_ids` longtext COLLATE utf8mb4_unicode_ci NOT NULL,
  `options` mediumtext COLLATE utf8mb4_unicode_ci,
  `cancelled_at` int DEFAULT NULL,
  `created_at` int NOT NULL,
  `finished_at` int DEFAULT NULL,
  PRIMARY KEY (`id`)
) ENGINE=InnoDB DEFAULT CHARSET=utf8mb4 COLLATE=utf8mb4_unicode_ci;

-- --------------------------------------------------------

--
-- Tabelstructuur voor tabel `migrations`
--

DROP TABLE IF EXISTS `migrations`;
CREATE TABLE IF NOT EXISTS `migrations` (
  `id` int UNSIGNED NOT NULL AUTO_INCREMENT,
  `migration` varchar(255) COLLATE utf8mb4_unicode_ci NOT NULL,
  `batch` int NOT NULL,
  PRIMARY KEY (`id`)
) ENGINE=InnoDB AUTO_INCREMENT=5 DEFAULT CHARSET=utf8mb4 COLLATE=utf8mb4_unicode_ci;

--
-- Gegevens worden geëxporteerd voor tabel `migrations`
--

INSERT INTO `migrations` (`id`, `migration`, `batch`) VALUES
(1, '0001_01_01_000000_create_users_table', 1),
(2, '0001_01_01_000001_create_cache_table', 1),
(3, '0001_01_01_000002_create_jobs_table', 1),
(4, '2024_12_06_140117_create_profiles_table', 1);

-- --------------------------------------------------------

--
-- Tabelstructuur voor tabel `password_reset_tokens`
--

DROP TABLE IF EXISTS `password_reset_tokens`;
CREATE TABLE IF NOT EXISTS `password_reset_tokens` (
  `email` varchar(255) COLLATE utf8mb4_unicode_ci NOT NULL,
  `token` varchar(255) COLLATE utf8mb4_unicode_ci NOT NULL,
  `created_at` timestamp NULL DEFAULT NULL,
  PRIMARY KEY (`email`)
) ENGINE=InnoDB DEFAULT CHARSET=utf8mb4 COLLATE=utf8mb4_unicode_ci;

-- --------------------------------------------------------

--
-- Tabelstructuur voor tabel `profiles`
--

DROP TABLE IF EXISTS `profiles`;
CREATE TABLE IF NOT EXISTS `profiles` (
  `id` int UNSIGNED NOT NULL AUTO_INCREMENT,
  `user_id` int UNSIGNED NOT NULL,
  `website_url` varchar(255) COLLATE utf8mb4_unicode_ci NOT NULL,
  `github_url` varchar(255) COLLATE utf8mb4_unicode_ci NOT NULL,
  `twitter_url` varchar(255) COLLATE utf8mb4_unicode_ci NOT NULL,
  `created_at` timestamp NULL DEFAULT NULL,
  `updated_at` timestamp NULL DEFAULT NULL,
  PRIMARY KEY (`id`)
) ENGINE=InnoDB AUTO_INCREMENT=2 DEFAULT CHARSET=utf8mb4 COLLATE=utf8mb4_unicode_ci;

--
-- Gegevens worden geëxporteerd voor tabel `profiles`
--

INSERT INTO `profiles` (`id`, `user_id`, `website_url`, `github_url`, `twitter_url`, `created_at`, `updated_at`) VALUES
(1, 1, 'http://zakaria.com', 'http://github.com/zakka031', 'http://twitter.com', '0000-00-00 00:00:00', '0000-00-00 00:00:00');

-- --------------------------------------------------------

--
-- Tabelstructuur voor tabel `sessions`
--

DROP TABLE IF EXISTS `sessions`;
CREATE TABLE IF NOT EXISTS `sessions` (
  `id` varchar(255) COLLATE utf8mb4_unicode_ci NOT NULL,
  `user_id` bigint UNSIGNED DEFAULT NULL,
  `ip_address` varchar(45) COLLATE utf8mb4_unicode_ci DEFAULT NULL,
  `user_agent` text COLLATE utf8mb4_unicode_ci,
  `payload` longtext COLLATE utf8mb4_unicode_ci NOT NULL,
  `last_activity` int NOT NULL,
  PRIMARY KEY (`id`),
  KEY `sessions_user_id_index` (`user_id`),
  KEY `sessions_last_activity_index` (`last_activity`)
) ENGINE=InnoDB DEFAULT CHARSET=utf8mb4 COLLATE=utf8mb4_unicode_ci;

--
-- Gegevens worden geëxporteerd voor tabel `sessions`
--

INSERT INTO `sessions` (`id`, `user_id`, `ip_address`, `user_agent`, `payload`, `last_activity`) VALUES
('mxZglcFZC0ym1lqvSEJc728XQPLunolEp9EatgvJ', NULL, '127.0.0.1', 'Mozilla/5.0 (Windows NT 10.0; Win64; x64) AppleWebKit/537.36 (KHTML, like Gecko) Herd/1.13.0 Chrome/120.0.6099.291 Electron/28.2.5 Safari/537.36', 'YTozOntzOjY6Il90b2tlbiI7czo0MDoiMVhUM2NXNWFBUWpRbVQxckd2SHA1Qk0yUzYwRFZqeWRDY2ZzaGFjOSI7czo5OiJfcHJldmlvdXMiO2E6MTp7czozOiJ1cmwiO3M6MzU6Imh0dHA6Ly82ZmlsbXBqZXMudGVzdC8/aGVyZD1wcmV2aWV3Ijt9czo2OiJfZmxhc2giO2E6Mjp7czozOiJvbGQiO2E6MDp7fXM6MzoibmV3IjthOjA6e319fQ==', 1738928236);

-- --------------------------------------------------------

--
-- Tabelstructuur voor tabel `users`
--

DROP TABLE IF EXISTS `users`;
CREATE TABLE IF NOT EXISTS `users` (
  `id` bigint UNSIGNED NOT NULL AUTO_INCREMENT,
  `name` varchar(255) COLLATE utf8mb4_unicode_ci NOT NULL,
  `email` varchar(255) COLLATE utf8mb4_unicode_ci NOT NULL,
  `email_verified_at` timestamp NULL DEFAULT NULL,
  `password` varchar(255) COLLATE utf8mb4_unicode_ci NOT NULL,
  `remember_token` varchar(100) COLLATE utf8mb4_unicode_ci DEFAULT NULL,
  `created_at` timestamp NULL DEFAULT NULL,
  `updated_at` timestamp NULL DEFAULT NULL,
  PRIMARY KEY (`id`),
  UNIQUE KEY `users_email_unique` (`email`)
) ENGINE=InnoDB AUTO_INCREMENT=2 DEFAULT CHARSET=utf8mb4 COLLATE=utf8mb4_unicode_ci;

--
-- Gegevens worden geëxporteerd voor tabel `users`
--

INSERT INTO `users` (`id`, `name`, `email`, `email_verified_at`, `password`, `remember_token`, `created_at`, `updated_at`) VALUES
(1, 'ZAKARIA', 'ZAKARIA@EXEMPLA.COM', NULL, 'AWDAWDASDASDWA', NULL, '0000-00-00 00:00:00', '0000-00-00 00:00:00');
--
-- Database: `loopsopdracht`
--
CREATE DATABASE IF NOT EXISTS `loopsopdracht` DEFAULT CHARACTER SET utf8mb4 COLLATE utf8mb4_0900_ai_ci;
USE `loopsopdracht`;

-- --------------------------------------------------------

--
-- Tabelstructuur voor tabel `numbers`
--

DROP TABLE IF EXISTS `numbers`;
CREATE TABLE IF NOT EXISTS `numbers` (
  `Id` int NOT NULL AUTO_INCREMENT,
  PRIMARY KEY (`Id`)
) ENGINE=MyISAM AUTO_INCREMENT=6 DEFAULT CHARSET=utf8mb4 COLLATE=utf8mb4_0900_ai_ci;

--
-- Gegevens worden geëxporteerd voor tabel `numbers`
--

INSERT INTO `numbers` (`Id`) VALUES
(1),
(2),
(3),
(4),
(5);
--
-- Database: `magazijndb`
--
CREATE DATABASE IF NOT EXISTS `magazijndb` DEFAULT CHARACTER SET utf8mb4 COLLATE utf8mb4_0900_ai_ci;
USE `magazijndb`;

-- --------------------------------------------------------

--
-- Tabelstructuur voor tabel `bestelling`
--

DROP TABLE IF EXISTS `bestelling`;
CREATE TABLE IF NOT EXISTS `bestelling` (
  `Id` int NOT NULL AUTO_INCREMENT,
  `KlantId` int NOT NULL,
  `LeverancierId` int NOT NULL,
  `Bestelnummer` varchar(20) NOT NULL,
  `BestellingDatum` datetime NOT NULL,
  `IsActief` tinyint(1) DEFAULT '1',
  `Opmerking` text,
  `AangemaaktDatum` datetime DEFAULT CURRENT_TIMESTAMP,
  `GewijzigdDatum` datetime DEFAULT CURRENT_TIMESTAMP ON UPDATE CURRENT_TIMESTAMP,
  PRIMARY KEY (`Id`),
  KEY `KlantId` (`KlantId`),
  KEY `LeverancierId` (`LeverancierId`)
) ENGINE=InnoDB AUTO_INCREMENT=109 DEFAULT CHARSET=utf8mb4 COLLATE=utf8mb4_0900_ai_ci;

--
-- Gegevens worden geëxporteerd voor tabel `bestelling`
--

INSERT INTO `bestelling` (`Id`, `KlantId`, `LeverancierId`, `Bestelnummer`, `BestellingDatum`, `IsActief`, `Opmerking`, `AangemaaktDatum`, `GewijzigdDatum`) VALUES
(1, 1, 1, '20240115_1', '2024-01-15 00:00:00', 1, NULL, '2025-01-22 14:18:40', '2025-01-22 14:18:40'),
(2, 2, 2, '20240220_2', '2024-02-20 00:00:00', 1, NULL, '2025-01-22 14:18:40', '2025-01-22 14:18:40'),
(3, 3, 3, '20240310_3', '2024-03-10 00:00:00', 1, NULL, '2025-01-22 14:18:40', '2025-01-22 14:18:40'),
(4, 4, 4, '20240425_4', '2024-04-25 00:00:00', 1, NULL, '2025-01-22 14:18:40', '2025-01-22 14:18:40'),
(5, 1, 1, '20240115_1', '2024-01-15 00:00:00', 1, NULL, '2025-01-22 14:27:16', '2025-01-22 14:27:16'),
(6, 2, 2, '20240220_2', '2024-02-20 00:00:00', 1, NULL, '2025-01-22 14:27:16', '2025-01-22 14:27:16'),
(7, 3, 3, '20240310_3', '2024-03-10 00:00:00', 1, NULL, '2025-01-22 14:27:16', '2025-01-22 14:27:16'),
(8, 4, 4, '20240425_4', '2024-04-25 00:00:00', 1, NULL, '2025-01-22 14:27:16', '2025-01-22 14:27:16'),
(9, 1, 1, '20240115_1', '2024-01-15 00:00:00', 1, NULL, '2025-01-22 14:28:33', '2025-01-22 14:28:33'),
(10, 2, 2, '20240220_2', '2024-02-20 00:00:00', 1, NULL, '2025-01-22 14:28:33', '2025-01-22 14:28:33'),
(11, 3, 3, '20240310_3', '2024-03-10 00:00:00', 1, NULL, '2025-01-22 14:28:33', '2025-01-22 14:28:33'),
(12, 4, 4, '20240425_4', '2024-04-25 00:00:00', 1, NULL, '2025-01-22 14:28:33', '2025-01-22 14:28:33'),
(13, 1, 1, '20240115_1', '2024-01-15 00:00:00', 1, NULL, '2025-01-22 14:28:37', '2025-01-22 14:28:37'),
(14, 2, 2, '20240220_2', '2024-02-20 00:00:00', 1, NULL, '2025-01-22 14:28:37', '2025-01-22 14:28:37'),
(15, 3, 3, '20240310_3', '2024-03-10 00:00:00', 1, NULL, '2025-01-22 14:28:37', '2025-01-22 14:28:37'),
(16, 4, 4, '20240425_4', '2024-04-25 00:00:00', 1, NULL, '2025-01-22 14:28:37', '2025-01-22 14:28:37'),
(17, 1, 1, '20240115_1', '2024-01-15 00:00:00', 1, NULL, '2025-01-22 14:29:00', '2025-01-22 14:29:00'),
(18, 2, 2, '20240220_2', '2024-02-20 00:00:00', 1, NULL, '2025-01-22 14:29:00', '2025-01-22 14:29:00'),
(19, 3, 3, '20240310_3', '2024-03-10 00:00:00', 1, NULL, '2025-01-22 14:29:00', '2025-01-22 14:29:00'),
(20, 4, 4, '20240425_4', '2024-04-25 00:00:00', 1, NULL, '2025-01-22 14:29:00', '2025-01-22 14:29:00'),
(21, 1, 1, '20240115_1', '2024-01-15 00:00:00', 1, NULL, '2025-01-22 14:29:21', '2025-01-22 14:29:21'),
(22, 2, 2, '20240220_2', '2024-02-20 00:00:00', 1, NULL, '2025-01-22 14:29:21', '2025-01-22 14:29:21'),
(23, 3, 3, '20240310_3', '2024-03-10 00:00:00', 1, NULL, '2025-01-22 14:29:21', '2025-01-22 14:29:21'),
(24, 4, 4, '20240425_4', '2024-04-25 00:00:00', 1, NULL, '2025-01-22 14:29:21', '2025-01-22 14:29:21'),
(25, 1, 1, '20240115_1', '2024-01-15 00:00:00', 1, NULL, '2025-01-22 14:29:24', '2025-01-22 14:29:24'),
(26, 2, 2, '20240220_2', '2024-02-20 00:00:00', 1, NULL, '2025-01-22 14:29:24', '2025-01-22 14:29:24'),
(27, 3, 3, '20240310_3', '2024-03-10 00:00:00', 1, NULL, '2025-01-22 14:29:24', '2025-01-22 14:29:24'),
(28, 4, 4, '20240425_4', '2024-04-25 00:00:00', 1, NULL, '2025-01-22 14:29:24', '2025-01-22 14:29:24'),
(29, 1, 1, '20240115_1', '2024-01-15 00:00:00', 1, NULL, '2025-01-22 14:29:36', '2025-01-22 14:29:36'),
(30, 2, 2, '20240220_2', '2024-02-20 00:00:00', 1, NULL, '2025-01-22 14:29:36', '2025-01-22 14:29:36'),
(31, 3, 3, '20240310_3', '2024-03-10 00:00:00', 1, NULL, '2025-01-22 14:29:36', '2025-01-22 14:29:36'),
(32, 4, 4, '20240425_4', '2024-04-25 00:00:00', 1, NULL, '2025-01-22 14:29:36', '2025-01-22 14:29:36'),
(33, 1, 1, '20240115_1', '2024-01-15 00:00:00', 1, NULL, '2025-01-22 14:29:49', '2025-01-22 14:29:49'),
(34, 2, 2, '20240220_2', '2024-02-20 00:00:00', 1, NULL, '2025-01-22 14:29:49', '2025-01-22 14:29:49'),
(35, 3, 3, '20240310_3', '2024-03-10 00:00:00', 1, NULL, '2025-01-22 14:29:49', '2025-01-22 14:29:49'),
(36, 4, 4, '20240425_4', '2024-04-25 00:00:00', 1, NULL, '2025-01-22 14:29:49', '2025-01-22 14:29:49'),
(37, 1, 1, '20240115_1', '2024-01-15 00:00:00', 1, NULL, '2025-01-22 14:30:45', '2025-01-22 14:30:45'),
(38, 2, 2, '20240220_2', '2024-02-20 00:00:00', 1, NULL, '2025-01-22 14:30:45', '2025-01-22 14:30:45'),
(39, 3, 3, '20240310_3', '2024-03-10 00:00:00', 1, NULL, '2025-01-22 14:30:45', '2025-01-22 14:30:45'),
(40, 4, 4, '20240425_4', '2024-04-25 00:00:00', 1, NULL, '2025-01-22 14:30:45', '2025-01-22 14:30:45'),
(41, 1, 1, '20240115_1', '2024-01-15 00:00:00', 1, NULL, '2025-01-22 14:35:58', '2025-01-22 14:35:58'),
(42, 2, 2, '20240220_2', '2024-02-20 00:00:00', 1, NULL, '2025-01-22 14:35:58', '2025-01-22 14:35:58'),
(43, 3, 3, '20240310_3', '2024-03-10 00:00:00', 1, NULL, '2025-01-22 14:35:58', '2025-01-22 14:35:58'),
(44, 4, 4, '20240425_4', '2024-04-25 00:00:00', 1, NULL, '2025-01-22 14:35:58', '2025-01-22 14:35:58'),
(45, 1, 1, '20240115_1', '2024-01-15 00:00:00', 1, NULL, '2025-01-22 14:39:45', '2025-01-22 14:39:45'),
(46, 2, 2, '20240220_2', '2024-02-20 00:00:00', 1, NULL, '2025-01-22 14:39:45', '2025-01-22 14:39:45'),
(47, 3, 3, '20240310_3', '2024-03-10 00:00:00', 1, NULL, '2025-01-22 14:39:45', '2025-01-22 14:39:45'),
(48, 4, 4, '20240425_4', '2024-04-25 00:00:00', 1, NULL, '2025-01-22 14:39:45', '2025-01-22 14:39:45'),
(49, 1, 1, '20240115_1', '2024-01-15 00:00:00', 1, NULL, '2025-01-22 14:44:23', '2025-01-22 14:44:23'),
(50, 2, 2, '20240220_2', '2024-02-20 00:00:00', 1, NULL, '2025-01-22 14:44:23', '2025-01-22 14:44:23'),
(51, 3, 3, '20240310_3', '2024-03-10 00:00:00', 1, NULL, '2025-01-22 14:44:23', '2025-01-22 14:44:23'),
(52, 4, 4, '20240425_4', '2024-04-25 00:00:00', 1, NULL, '2025-01-22 14:44:23', '2025-01-22 14:44:23'),
(53, 1, 1, '20240115_1', '2024-01-15 00:00:00', 1, NULL, '2025-01-22 14:45:32', '2025-01-22 14:45:32'),
(54, 2, 2, '20240220_2', '2024-02-20 00:00:00', 1, NULL, '2025-01-22 14:45:32', '2025-01-22 14:45:32'),
(55, 3, 3, '20240310_3', '2024-03-10 00:00:00', 1, NULL, '2025-01-22 14:45:32', '2025-01-22 14:45:32'),
(56, 4, 4, '20240425_4', '2024-04-25 00:00:00', 1, NULL, '2025-01-22 14:45:32', '2025-01-22 14:45:32'),
(57, 1, 1, '20240115_1', '2024-01-15 00:00:00', 1, NULL, '2025-01-22 14:49:09', '2025-01-22 14:49:09'),
(58, 2, 2, '20240220_2', '2024-02-20 00:00:00', 1, NULL, '2025-01-22 14:49:09', '2025-01-22 14:49:09'),
(59, 3, 3, '20240310_3', '2024-03-10 00:00:00', 1, NULL, '2025-01-22 14:49:09', '2025-01-22 14:49:09'),
(60, 4, 4, '20240425_4', '2024-04-25 00:00:00', 1, NULL, '2025-01-22 14:49:09', '2025-01-22 14:49:09'),
(61, 1, 1, '20240115_1', '2024-01-15 00:00:00', 1, NULL, '2025-01-22 14:50:32', '2025-01-22 14:50:32'),
(62, 2, 2, '20240220_2', '2024-02-20 00:00:00', 1, NULL, '2025-01-22 14:50:32', '2025-01-22 14:50:32'),
(63, 3, 3, '20240310_3', '2024-03-10 00:00:00', 1, NULL, '2025-01-22 14:50:32', '2025-01-22 14:50:32'),
(64, 4, 4, '20240425_4', '2024-04-25 00:00:00', 1, NULL, '2025-01-22 14:50:32', '2025-01-22 14:50:32'),
(65, 1, 1, '20240115_1', '2024-01-15 00:00:00', 1, NULL, '2025-01-22 14:53:36', '2025-01-22 14:53:36'),
(66, 2, 2, '20240220_2', '2024-02-20 00:00:00', 1, NULL, '2025-01-22 14:53:36', '2025-01-22 14:53:36'),
(67, 3, 3, '20240310_3', '2024-03-10 00:00:00', 1, NULL, '2025-01-22 14:53:36', '2025-01-22 14:53:36'),
(68, 4, 4, '20240425_4', '2024-04-25 00:00:00', 1, NULL, '2025-01-22 14:53:36', '2025-01-22 14:53:36'),
(69, 1, 1, '20240115_1', '2024-01-15 00:00:00', 1, NULL, '2025-01-22 14:57:23', '2025-01-22 14:57:23'),
(70, 2, 2, '20240220_2', '2024-02-20 00:00:00', 1, NULL, '2025-01-22 14:57:23', '2025-01-22 14:57:23'),
(71, 3, 3, '20240310_3', '2024-03-10 00:00:00', 1, NULL, '2025-01-22 14:57:23', '2025-01-22 14:57:23'),
(72, 4, 4, '20240425_4', '2024-04-25 00:00:00', 1, NULL, '2025-01-22 14:57:23', '2025-01-22 14:57:23'),
(73, 1, 1, '20240115_1', '2024-01-15 00:00:00', 1, NULL, '2025-01-22 14:57:28', '2025-01-22 14:57:28'),
(74, 2, 2, '20240220_2', '2024-02-20 00:00:00', 1, NULL, '2025-01-22 14:57:28', '2025-01-22 14:57:28'),
(75, 3, 3, '20240310_3', '2024-03-10 00:00:00', 1, NULL, '2025-01-22 14:57:28', '2025-01-22 14:57:28'),
(76, 4, 4, '20240425_4', '2024-04-25 00:00:00', 1, NULL, '2025-01-22 14:57:28', '2025-01-22 14:57:28'),
(77, 1, 1, '20240115_1', '2024-01-15 00:00:00', 1, NULL, '2025-01-22 14:57:39', '2025-01-22 14:57:39'),
(78, 2, 2, '20240220_2', '2024-02-20 00:00:00', 1, NULL, '2025-01-22 14:57:39', '2025-01-22 14:57:39'),
(79, 3, 3, '20240310_3', '2024-03-10 00:00:00', 1, NULL, '2025-01-22 14:57:39', '2025-01-22 14:57:39'),
(80, 4, 4, '20240425_4', '2024-04-25 00:00:00', 1, NULL, '2025-01-22 14:57:39', '2025-01-22 14:57:39'),
(81, 1, 1, '20240115_1', '2024-01-15 00:00:00', 1, NULL, '2025-01-22 14:57:44', '2025-01-22 14:57:44'),
(82, 2, 2, '20240220_2', '2024-02-20 00:00:00', 1, NULL, '2025-01-22 14:57:44', '2025-01-22 14:57:44'),
(83, 3, 3, '20240310_3', '2024-03-10 00:00:00', 1, NULL, '2025-01-22 14:57:44', '2025-01-22 14:57:44'),
(84, 4, 4, '20240425_4', '2024-04-25 00:00:00', 1, NULL, '2025-01-22 14:57:44', '2025-01-22 14:57:44'),
(85, 1, 1, '20240115_1', '2024-01-15 00:00:00', 1, NULL, '2025-01-22 14:57:49', '2025-01-22 14:57:49'),
(86, 2, 2, '20240220_2', '2024-02-20 00:00:00', 1, NULL, '2025-01-22 14:57:49', '2025-01-22 14:57:49'),
(87, 3, 3, '20240310_3', '2024-03-10 00:00:00', 1, NULL, '2025-01-22 14:57:49', '2025-01-22 14:57:49'),
(88, 4, 4, '20240425_4', '2024-04-25 00:00:00', 1, NULL, '2025-01-22 14:57:49', '2025-01-22 14:57:49'),
(89, 1, 1, '20240115_1', '2024-01-15 00:00:00', 1, NULL, '2025-01-22 14:58:02', '2025-01-22 14:58:02'),
(90, 2, 2, '20240220_2', '2024-02-20 00:00:00', 1, NULL, '2025-01-22 14:58:02', '2025-01-22 14:58:02'),
(91, 3, 3, '20240310_3', '2024-03-10 00:00:00', 1, NULL, '2025-01-22 14:58:02', '2025-01-22 14:58:02'),
(92, 4, 4, '20240425_4', '2024-04-25 00:00:00', 1, NULL, '2025-01-22 14:58:02', '2025-01-22 14:58:02'),
(93, 1, 1, '20240115_1', '2024-01-15 00:00:00', 1, NULL, '2025-01-22 14:58:13', '2025-01-22 14:58:13'),
(94, 2, 2, '20240220_2', '2024-02-20 00:00:00', 1, NULL, '2025-01-22 14:58:13', '2025-01-22 14:58:13'),
(95, 3, 3, '20240310_3', '2024-03-10 00:00:00', 1, NULL, '2025-01-22 14:58:13', '2025-01-22 14:58:13'),
(96, 4, 4, '20240425_4', '2024-04-25 00:00:00', 1, NULL, '2025-01-22 14:58:13', '2025-01-22 14:58:13'),
(97, 1, 1, '20240115_1', '2024-01-15 00:00:00', 1, NULL, '2025-01-22 14:58:53', '2025-01-22 14:58:53'),
(98, 2, 2, '20240220_2', '2024-02-20 00:00:00', 1, NULL, '2025-01-22 14:58:53', '2025-01-22 14:58:53'),
(99, 3, 3, '20240310_3', '2024-03-10 00:00:00', 1, NULL, '2025-01-22 14:58:53', '2025-01-22 14:58:53'),
(100, 4, 4, '20240425_4', '2024-04-25 00:00:00', 1, NULL, '2025-01-22 14:58:53', '2025-01-22 14:58:53'),
(101, 1, 1, '20240115_1', '2024-01-15 00:00:00', 1, NULL, '2025-01-22 15:04:14', '2025-01-22 15:04:14'),
(102, 2, 2, '20240220_2', '2024-02-20 00:00:00', 1, NULL, '2025-01-22 15:04:14', '2025-01-22 15:04:14'),
(103, 3, 3, '20240310_3', '2024-03-10 00:00:00', 1, NULL, '2025-01-22 15:04:14', '2025-01-22 15:04:14'),
(104, 4, 4, '20240425_4', '2024-04-25 00:00:00', 1, NULL, '2025-01-22 15:04:14', '2025-01-22 15:04:14'),
(105, 1, 1, '20240115_1', '2024-01-15 00:00:00', 1, NULL, '2025-01-22 15:04:22', '2025-01-22 15:04:22'),
(106, 2, 2, '20240220_2', '2024-02-20 00:00:00', 1, NULL, '2025-01-22 15:04:22', '2025-01-22 15:04:22'),
(107, 3, 3, '20240310_3', '2024-03-10 00:00:00', 1, NULL, '2025-01-22 15:04:22', '2025-01-22 15:04:22'),
(108, 4, 4, '20240425_4', '2024-04-25 00:00:00', 1, NULL, '2025-01-22 15:04:22', '2025-01-22 15:04:22');

-- --------------------------------------------------------

--
-- Tabelstructuur voor tabel `bestellingdetails`
--

DROP TABLE IF EXISTS `bestellingdetails`;
CREATE TABLE IF NOT EXISTS `bestellingdetails` (
  `Id` int NOT NULL AUTO_INCREMENT,
  `BestellingId` int NOT NULL,
  `ProductId` int NOT NULL,
  `KortingPerPercentage` decimal(5,2) NOT NULL,
  `Enheid` varchar(20) NOT NULL,
  `Aantal` int NOT NULL,
  `Btw` decimal(5,2) NOT NULL,
  `IsActief` tinyint(1) DEFAULT '1',
  `Opmerking` text,
  `AangemaaktDatum` datetime DEFAULT CURRENT_TIMESTAMP,
  `GewijzigdDatum` datetime DEFAULT CURRENT_TIMESTAMP ON UPDATE CURRENT_TIMESTAMP,
  PRIMARY KEY (`Id`),
  KEY `BestellingId` (`BestellingId`),
  KEY `ProductId` (`ProductId`)
) ENGINE=InnoDB AUTO_INCREMENT=93 DEFAULT CHARSET=utf8mb4 COLLATE=utf8mb4_0900_ai_ci;

--
-- Gegevens worden geëxporteerd voor tabel `bestellingdetails`
--

INSERT INTO `bestellingdetails` (`Id`, `BestellingId`, `ProductId`, `KortingPerPercentage`, `Enheid`, `Aantal`, `Btw`, `IsActief`, `Opmerking`, `AangemaaktDatum`, `GewijzigdDatum`) VALUES
(1, 1, 1, 5.00, 'per stuk', 1, 21.00, 1, NULL, '2025-01-22 14:18:40', '2025-01-22 14:18:40'),
(2, 2, 2, 10.00, 'per stuk', 1, 21.00, 1, NULL, '2025-01-22 14:18:40', '2025-01-22 14:18:40'),
(3, 3, 3, 15.00, 'per stuk', 2, 21.00, 1, NULL, '2025-01-22 14:18:40', '2025-01-22 14:18:40'),
(4, 4, 4, 20.00, 'per stuk', 5, 21.00, 1, NULL, '2025-01-22 14:18:40', '2025-01-22 14:18:40'),
(5, 1, 1, 5.00, 'per stuk', 1, 21.00, 1, NULL, '2025-01-22 14:27:16', '2025-01-22 14:27:16'),
(6, 2, 2, 10.00, 'per stuk', 1, 21.00, 1, NULL, '2025-01-22 14:27:16', '2025-01-22 14:27:16'),
(7, 3, 3, 15.00, 'per stuk', 2, 21.00, 1, NULL, '2025-01-22 14:27:16', '2025-01-22 14:27:16'),
(8, 4, 4, 20.00, 'per stuk', 5, 21.00, 1, NULL, '2025-01-22 14:27:16', '2025-01-22 14:27:16'),
(9, 1, 1, 5.00, 'per stuk', 1, 21.00, 1, NULL, '2025-01-22 14:28:33', '2025-01-22 14:28:33'),
(10, 2, 2, 10.00, 'per stuk', 1, 21.00, 1, NULL, '2025-01-22 14:28:33', '2025-01-22 14:28:33'),
(11, 3, 3, 15.00, 'per stuk', 2, 21.00, 1, NULL, '2025-01-22 14:28:33', '2025-01-22 14:28:33'),
(12, 4, 4, 20.00, 'per stuk', 5, 21.00, 1, NULL, '2025-01-22 14:28:33', '2025-01-22 14:28:33'),
(13, 1, 1, 5.00, 'per stuk', 1, 21.00, 1, NULL, '2025-01-22 14:28:37', '2025-01-22 14:28:37'),
(14, 2, 2, 10.00, 'per stuk', 1, 21.00, 1, NULL, '2025-01-22 14:28:37', '2025-01-22 14:28:37'),
(15, 3, 3, 15.00, 'per stuk', 2, 21.00, 1, NULL, '2025-01-22 14:28:37', '2025-01-22 14:28:37'),
(16, 4, 4, 20.00, 'per stuk', 5, 21.00, 1, NULL, '2025-01-22 14:28:37', '2025-01-22 14:28:37'),
(17, 1, 1, 5.00, 'per stuk', 1, 21.00, 1, NULL, '2025-01-22 14:29:00', '2025-01-22 14:29:00'),
(18, 2, 2, 10.00, 'per stuk', 1, 21.00, 1, NULL, '2025-01-22 14:29:00', '2025-01-22 14:29:00'),
(19, 3, 3, 15.00, 'per stuk', 2, 21.00, 1, NULL, '2025-01-22 14:29:00', '2025-01-22 14:29:00'),
(20, 4, 4, 20.00, 'per stuk', 5, 21.00, 1, NULL, '2025-01-22 14:29:00', '2025-01-22 14:29:00'),
(21, 1, 1, 5.00, 'per stuk', 1, 21.00, 1, NULL, '2025-01-22 14:29:21', '2025-01-22 14:29:21'),
(22, 2, 2, 10.00, 'per stuk', 1, 21.00, 1, NULL, '2025-01-22 14:29:21', '2025-01-22 14:29:21'),
(23, 3, 3, 15.00, 'per stuk', 2, 21.00, 1, NULL, '2025-01-22 14:29:21', '2025-01-22 14:29:21'),
(24, 4, 4, 20.00, 'per stuk', 5, 21.00, 1, NULL, '2025-01-22 14:29:21', '2025-01-22 14:29:21'),
(25, 1, 1, 5.00, 'per stuk', 1, 21.00, 1, NULL, '2025-01-22 14:29:24', '2025-01-22 14:29:24'),
(26, 2, 2, 10.00, 'per stuk', 1, 21.00, 1, NULL, '2025-01-22 14:29:24', '2025-01-22 14:29:24'),
(27, 3, 3, 15.00, 'per stuk', 2, 21.00, 1, NULL, '2025-01-22 14:29:24', '2025-01-22 14:29:24'),
(28, 4, 4, 20.00, 'per stuk', 5, 21.00, 1, NULL, '2025-01-22 14:29:24', '2025-01-22 14:29:24'),
(29, 1, 1, 5.00, 'per stuk', 1, 21.00, 1, NULL, '2025-01-22 14:29:36', '2025-01-22 14:29:36'),
(30, 2, 2, 10.00, 'per stuk', 1, 21.00, 1, NULL, '2025-01-22 14:29:36', '2025-01-22 14:29:36'),
(31, 3, 3, 15.00, 'per stuk', 2, 21.00, 1, NULL, '2025-01-22 14:29:36', '2025-01-22 14:29:36'),
(32, 4, 4, 20.00, 'per stuk', 5, 21.00, 1, NULL, '2025-01-22 14:29:36', '2025-01-22 14:29:36'),
(33, 1, 1, 5.00, 'per stuk', 1, 21.00, 1, NULL, '2025-01-22 14:29:49', '2025-01-22 14:29:49'),
(34, 2, 2, 10.00, 'per stuk', 1, 21.00, 1, NULL, '2025-01-22 14:29:49', '2025-01-22 14:29:49'),
(35, 3, 3, 15.00, 'per stuk', 2, 21.00, 1, NULL, '2025-01-22 14:29:49', '2025-01-22 14:29:49'),
(36, 4, 4, 20.00, 'per stuk', 5, 21.00, 1, NULL, '2025-01-22 14:29:49', '2025-01-22 14:29:49'),
(37, 1, 1, 5.00, 'per stuk', 1, 21.00, 1, NULL, '2025-01-22 14:30:45', '2025-01-22 14:30:45'),
(38, 2, 2, 10.00, 'per stuk', 1, 21.00, 1, NULL, '2025-01-22 14:30:45', '2025-01-22 14:30:45'),
(39, 3, 3, 15.00, 'per stuk', 2, 21.00, 1, NULL, '2025-01-22 14:30:45', '2025-01-22 14:30:45'),
(40, 4, 4, 20.00, 'per stuk', 5, 21.00, 1, NULL, '2025-01-22 14:30:45', '2025-01-22 14:30:45'),
(41, 1, 1, 5.00, 'per stuk', 1, 21.00, 1, NULL, '2025-01-22 14:35:58', '2025-01-22 14:35:58'),
(42, 2, 2, 10.00, 'per stuk', 1, 21.00, 1, NULL, '2025-01-22 14:35:58', '2025-01-22 14:35:58'),
(43, 3, 3, 15.00, 'per stuk', 2, 21.00, 1, NULL, '2025-01-22 14:35:58', '2025-01-22 14:35:58'),
(44, 4, 4, 20.00, 'per stuk', 5, 21.00, 1, NULL, '2025-01-22 14:35:58', '2025-01-22 14:35:58'),
(45, 1, 1, 5.00, 'per stuk', 1, 21.00, 1, NULL, '2025-01-22 14:39:45', '2025-01-22 14:39:45'),
(46, 2, 2, 10.00, 'per stuk', 1, 21.00, 1, NULL, '2025-01-22 14:39:45', '2025-01-22 14:39:45'),
(47, 3, 3, 15.00, 'per stuk', 2, 21.00, 1, NULL, '2025-01-22 14:39:45', '2025-01-22 14:39:45'),
(48, 4, 4, 20.00, 'per stuk', 5, 21.00, 1, NULL, '2025-01-22 14:39:45', '2025-01-22 14:39:45'),
(49, 1, 1, 5.00, 'per stuk', 1, 21.00, 1, NULL, '2025-01-22 14:44:23', '2025-01-22 14:44:23'),
(50, 2, 2, 10.00, 'per stuk', 1, 21.00, 1, NULL, '2025-01-22 14:44:23', '2025-01-22 14:44:23'),
(51, 3, 3, 15.00, 'per stuk', 2, 21.00, 1, NULL, '2025-01-22 14:44:23', '2025-01-22 14:44:23'),
(52, 4, 4, 20.00, 'per stuk', 5, 21.00, 1, NULL, '2025-01-22 14:44:23', '2025-01-22 14:44:23'),
(53, 1, 1, 5.00, 'per stuk', 1, 21.00, 1, NULL, '2025-01-22 14:45:32', '2025-01-22 14:45:32'),
(54, 2, 2, 10.00, 'per stuk', 1, 21.00, 1, NULL, '2025-01-22 14:45:32', '2025-01-22 14:45:32'),
(55, 3, 3, 15.00, 'per stuk', 2, 21.00, 1, NULL, '2025-01-22 14:45:32', '2025-01-22 14:45:32'),
(56, 4, 4, 20.00, 'per stuk', 5, 21.00, 1, NULL, '2025-01-22 14:45:32', '2025-01-22 14:45:32'),
(57, 1, 1, 5.00, 'per stuk', 1, 21.00, 1, NULL, '2025-01-22 14:49:09', '2025-01-22 14:49:09'),
(58, 2, 2, 10.00, 'per stuk', 1, 21.00, 1, NULL, '2025-01-22 14:49:09', '2025-01-22 14:49:09'),
(59, 3, 3, 15.00, 'per stuk', 2, 21.00, 1, NULL, '2025-01-22 14:49:09', '2025-01-22 14:49:09'),
(60, 4, 4, 20.00, 'per stuk', 5, 21.00, 1, NULL, '2025-01-22 14:49:09', '2025-01-22 14:49:09'),
(61, 1, 1, 5.00, 'per stuk', 1, 21.00, 1, NULL, '2025-01-22 14:50:32', '2025-01-22 14:50:32'),
(62, 2, 2, 10.00, 'per stuk', 1, 21.00, 1, NULL, '2025-01-22 14:50:32', '2025-01-22 14:50:32'),
(63, 3, 3, 15.00, 'per stuk', 2, 21.00, 1, NULL, '2025-01-22 14:50:32', '2025-01-22 14:50:32'),
(64, 4, 4, 20.00, 'per stuk', 5, 21.00, 1, NULL, '2025-01-22 14:50:32', '2025-01-22 14:50:32'),
(65, 1, 1, 5.00, 'per stuk', 1, 21.00, 1, NULL, '2025-01-22 14:53:36', '2025-01-22 14:53:36'),
(66, 2, 2, 10.00, 'per stuk', 1, 21.00, 1, NULL, '2025-01-22 14:53:36', '2025-01-22 14:53:36'),
(67, 3, 3, 15.00, 'per stuk', 2, 21.00, 1, NULL, '2025-01-22 14:53:36', '2025-01-22 14:53:36'),
(68, 4, 4, 20.00, 'per stuk', 5, 21.00, 1, NULL, '2025-01-22 14:53:36', '2025-01-22 14:53:36'),
(69, 1, 1, 5.00, 'per stuk', 1, 21.00, 1, NULL, '2025-01-22 14:57:49', '2025-01-22 14:57:49'),
(70, 2, 2, 10.00, 'per stuk', 1, 21.00, 1, NULL, '2025-01-22 14:57:49', '2025-01-22 14:57:49'),
(71, 3, 3, 15.00, 'per stuk', 2, 21.00, 1, NULL, '2025-01-22 14:57:49', '2025-01-22 14:57:49'),
(72, 4, 4, 20.00, 'per stuk', 5, 21.00, 1, NULL, '2025-01-22 14:57:49', '2025-01-22 14:57:49'),
(73, 1, 1, 5.00, 'per stuk', 1, 21.00, 1, NULL, '2025-01-22 14:58:02', '2025-01-22 14:58:02'),
(74, 2, 2, 10.00, 'per stuk', 1, 21.00, 1, NULL, '2025-01-22 14:58:02', '2025-01-22 14:58:02'),
(75, 3, 3, 15.00, 'per stuk', 2, 21.00, 1, NULL, '2025-01-22 14:58:02', '2025-01-22 14:58:02'),
(76, 4, 4, 20.00, 'per stuk', 5, 21.00, 1, NULL, '2025-01-22 14:58:02', '2025-01-22 14:58:02'),
(77, 1, 1, 5.00, 'per stuk', 1, 21.00, 1, NULL, '2025-01-22 14:58:13', '2025-01-22 14:58:13'),
(78, 2, 2, 10.00, 'per stuk', 1, 21.00, 1, NULL, '2025-01-22 14:58:13', '2025-01-22 14:58:13'),
(79, 3, 3, 15.00, 'per stuk', 2, 21.00, 1, NULL, '2025-01-22 14:58:13', '2025-01-22 14:58:13'),
(80, 4, 4, 20.00, 'per stuk', 5, 21.00, 1, NULL, '2025-01-22 14:58:13', '2025-01-22 14:58:13'),
(81, 1, 1, 5.00, 'per stuk', 1, 21.00, 1, NULL, '2025-01-22 14:58:53', '2025-01-22 14:58:53'),
(82, 2, 2, 10.00, 'per stuk', 1, 21.00, 1, NULL, '2025-01-22 14:58:53', '2025-01-22 14:58:53'),
(83, 3, 3, 15.00, 'per stuk', 2, 21.00, 1, NULL, '2025-01-22 14:58:53', '2025-01-22 14:58:53'),
(84, 4, 4, 20.00, 'per stuk', 5, 21.00, 1, NULL, '2025-01-22 14:58:53', '2025-01-22 14:58:53'),
(85, 1, 1, 5.00, 'per stuk', 1, 21.00, 1, NULL, '2025-01-22 15:04:14', '2025-01-22 15:04:14'),
(86, 2, 2, 10.00, 'per stuk', 1, 21.00, 1, NULL, '2025-01-22 15:04:14', '2025-01-22 15:04:14'),
(87, 3, 3, 15.00, 'per stuk', 2, 21.00, 1, NULL, '2025-01-22 15:04:14', '2025-01-22 15:04:14'),
(88, 4, 4, 20.00, 'per stuk', 5, 21.00, 1, NULL, '2025-01-22 15:04:14', '2025-01-22 15:04:14'),
(89, 1, 1, 5.00, 'per stuk', 1, 21.00, 1, NULL, '2025-01-22 15:04:22', '2025-01-22 15:04:22'),
(90, 2, 2, 10.00, 'per stuk', 1, 21.00, 1, NULL, '2025-01-22 15:04:22', '2025-01-22 15:04:22'),
(91, 3, 3, 15.00, 'per stuk', 2, 21.00, 1, NULL, '2025-01-22 15:04:22', '2025-01-22 15:04:22'),
(92, 4, 4, 20.00, 'per stuk', 5, 21.00, 1, NULL, '2025-01-22 15:04:22', '2025-01-22 15:04:22');

-- --------------------------------------------------------

--
-- Tabelstructuur voor tabel `categorie`
--

DROP TABLE IF EXISTS `categorie`;
CREATE TABLE IF NOT EXISTS `categorie` (
  `Id` int NOT NULL AUTO_INCREMENT,
  `Naam` varchar(100) NOT NULL,
  `IsActief` tinyint(1) DEFAULT '1',
  `Opmerking` text,
  `AangemaaktDatum` datetime DEFAULT CURRENT_TIMESTAMP,
  `GewijzigdDatum` datetime DEFAULT CURRENT_TIMESTAMP ON UPDATE CURRENT_TIMESTAMP,
  PRIMARY KEY (`Id`)
) ENGINE=InnoDB AUTO_INCREMENT=109 DEFAULT CHARSET=utf8mb4 COLLATE=utf8mb4_0900_ai_ci;

--
-- Gegevens worden geëxporteerd voor tabel `categorie`
--

INSERT INTO `categorie` (`Id`, `Naam`, `IsActief`, `Opmerking`, `AangemaaktDatum`, `GewijzigdDatum`) VALUES
(1, 'Elektronica', 1, NULL, '2025-01-22 14:18:40', '2025-01-22 14:18:40'),
(2, 'Meubilair', 1, NULL, '2025-01-22 14:18:40', '2025-01-22 14:18:40'),
(3, 'Verlichting', 1, NULL, '2025-01-22 14:18:40', '2025-01-22 14:18:40'),
(4, 'Accessoires', 1, NULL, '2025-01-22 14:18:40', '2025-01-22 14:18:40'),
(5, 'Elektronica', 1, NULL, '2025-01-22 14:27:16', '2025-01-22 14:27:16'),
(6, 'Meubilair', 1, NULL, '2025-01-22 14:27:16', '2025-01-22 14:27:16'),
(7, 'Verlichting', 1, NULL, '2025-01-22 14:27:16', '2025-01-22 14:27:16'),
(8, 'Accessoires', 1, NULL, '2025-01-22 14:27:16', '2025-01-22 14:27:16'),
(9, 'Elektronica', 1, NULL, '2025-01-22 14:28:33', '2025-01-22 14:28:33'),
(10, 'Meubilair', 1, NULL, '2025-01-22 14:28:33', '2025-01-22 14:28:33'),
(11, 'Verlichting', 1, NULL, '2025-01-22 14:28:33', '2025-01-22 14:28:33'),
(12, 'Accessoires', 1, NULL, '2025-01-22 14:28:33', '2025-01-22 14:28:33'),
(13, 'Elektronica', 1, NULL, '2025-01-22 14:28:36', '2025-01-22 14:28:36'),
(14, 'Meubilair', 1, NULL, '2025-01-22 14:28:36', '2025-01-22 14:28:36'),
(15, 'Verlichting', 1, NULL, '2025-01-22 14:28:36', '2025-01-22 14:28:36'),
(16, 'Accessoires', 1, NULL, '2025-01-22 14:28:36', '2025-01-22 14:28:36'),
(17, 'Elektronica', 1, NULL, '2025-01-22 14:29:00', '2025-01-22 14:29:00'),
(18, 'Meubilair', 1, NULL, '2025-01-22 14:29:00', '2025-01-22 14:29:00'),
(19, 'Verlichting', 1, NULL, '2025-01-22 14:29:00', '2025-01-22 14:29:00'),
(20, 'Accessoires', 1, NULL, '2025-01-22 14:29:00', '2025-01-22 14:29:00'),
(21, 'Elektronica', 1, NULL, '2025-01-22 14:29:21', '2025-01-22 14:29:21'),
(22, 'Meubilair', 1, NULL, '2025-01-22 14:29:21', '2025-01-22 14:29:21'),
(23, 'Verlichting', 1, NULL, '2025-01-22 14:29:21', '2025-01-22 14:29:21'),
(24, 'Accessoires', 1, NULL, '2025-01-22 14:29:21', '2025-01-22 14:29:21'),
(25, 'Elektronica', 1, NULL, '2025-01-22 14:29:24', '2025-01-22 14:29:24'),
(26, 'Meubilair', 1, NULL, '2025-01-22 14:29:24', '2025-01-22 14:29:24'),
(27, 'Verlichting', 1, NULL, '2025-01-22 14:29:24', '2025-01-22 14:29:24'),
(28, 'Accessoires', 1, NULL, '2025-01-22 14:29:24', '2025-01-22 14:29:24'),
(29, 'Elektronica', 1, NULL, '2025-01-22 14:29:36', '2025-01-22 14:29:36'),
(30, 'Meubilair', 1, NULL, '2025-01-22 14:29:36', '2025-01-22 14:29:36'),
(31, 'Verlichting', 1, NULL, '2025-01-22 14:29:36', '2025-01-22 14:29:36'),
(32, 'Accessoires', 1, NULL, '2025-01-22 14:29:36', '2025-01-22 14:29:36'),
(33, 'Elektronica', 1, NULL, '2025-01-22 14:29:49', '2025-01-22 14:29:49'),
(34, 'Meubilair', 1, NULL, '2025-01-22 14:29:49', '2025-01-22 14:29:49'),
(35, 'Verlichting', 1, NULL, '2025-01-22 14:29:49', '2025-01-22 14:29:49'),
(36, 'Accessoires', 1, NULL, '2025-01-22 14:29:49', '2025-01-22 14:29:49'),
(37, 'Elektronica', 1, NULL, '2025-01-22 14:30:45', '2025-01-22 14:30:45'),
(38, 'Meubilair', 1, NULL, '2025-01-22 14:30:45', '2025-01-22 14:30:45'),
(39, 'Verlichting', 1, NULL, '2025-01-22 14:30:45', '2025-01-22 14:30:45'),
(40, 'Accessoires', 1, NULL, '2025-01-22 14:30:45', '2025-01-22 14:30:45'),
(41, 'Elektronica', 1, NULL, '2025-01-22 14:35:58', '2025-01-22 14:35:58'),
(42, 'Meubilair', 1, NULL, '2025-01-22 14:35:58', '2025-01-22 14:35:58'),
(43, 'Verlichting', 1, NULL, '2025-01-22 14:35:58', '2025-01-22 14:35:58'),
(44, 'Accessoires', 1, NULL, '2025-01-22 14:35:58', '2025-01-22 14:35:58'),
(45, 'Elektronica', 1, NULL, '2025-01-22 14:39:45', '2025-01-22 14:39:45'),
(46, 'Meubilair', 1, NULL, '2025-01-22 14:39:45', '2025-01-22 14:39:45'),
(47, 'Verlichting', 1, NULL, '2025-01-22 14:39:45', '2025-01-22 14:39:45'),
(48, 'Accessoires', 1, NULL, '2025-01-22 14:39:45', '2025-01-22 14:39:45'),
(49, 'Elektronica', 1, NULL, '2025-01-22 14:44:22', '2025-01-22 14:44:22'),
(50, 'Meubilair', 1, NULL, '2025-01-22 14:44:22', '2025-01-22 14:44:22'),
(51, 'Verlichting', 1, NULL, '2025-01-22 14:44:22', '2025-01-22 14:44:22'),
(52, 'Accessoires', 1, NULL, '2025-01-22 14:44:22', '2025-01-22 14:44:22'),
(53, 'Elektronica', 1, NULL, '2025-01-22 14:45:32', '2025-01-22 14:45:32'),
(54, 'Meubilair', 1, NULL, '2025-01-22 14:45:32', '2025-01-22 14:45:32'),
(55, 'Verlichting', 1, NULL, '2025-01-22 14:45:32', '2025-01-22 14:45:32'),
(56, 'Accessoires', 1, NULL, '2025-01-22 14:45:32', '2025-01-22 14:45:32'),
(57, 'Elektronica', 1, NULL, '2025-01-22 14:49:09', '2025-01-22 14:49:09'),
(58, 'Meubilair', 1, NULL, '2025-01-22 14:49:09', '2025-01-22 14:49:09'),
(59, 'Verlichting', 1, NULL, '2025-01-22 14:49:09', '2025-01-22 14:49:09'),
(60, 'Accessoires', 1, NULL, '2025-01-22 14:49:09', '2025-01-22 14:49:09'),
(61, 'Elektronica', 1, NULL, '2025-01-22 14:50:31', '2025-01-22 14:50:31'),
(62, 'Meubilair', 1, NULL, '2025-01-22 14:50:31', '2025-01-22 14:50:31'),
(63, 'Verlichting', 1, NULL, '2025-01-22 14:50:31', '2025-01-22 14:50:31'),
(64, 'Accessoires', 1, NULL, '2025-01-22 14:50:31', '2025-01-22 14:50:31'),
(65, 'Elektronica', 1, NULL, '2025-01-22 14:53:36', '2025-01-22 14:53:36'),
(66, 'Meubilair', 1, NULL, '2025-01-22 14:53:36', '2025-01-22 14:53:36'),
(67, 'Verlichting', 1, NULL, '2025-01-22 14:53:36', '2025-01-22 14:53:36'),
(68, 'Accessoires', 1, NULL, '2025-01-22 14:53:36', '2025-01-22 14:53:36'),
(69, 'Elektronica', 1, NULL, '2025-01-22 14:57:22', '2025-01-22 14:57:22'),
(70, 'Meubilair', 1, NULL, '2025-01-22 14:57:22', '2025-01-22 14:57:22'),
(71, 'Verlichting', 1, NULL, '2025-01-22 14:57:22', '2025-01-22 14:57:22'),
(72, 'Accessoires', 1, NULL, '2025-01-22 14:57:22', '2025-01-22 14:57:22'),
(73, 'Elektronica', 1, NULL, '2025-01-22 14:57:28', '2025-01-22 14:57:28'),
(74, 'Meubilair', 1, NULL, '2025-01-22 14:57:28', '2025-01-22 14:57:28'),
(75, 'Verlichting', 1, NULL, '2025-01-22 14:57:28', '2025-01-22 14:57:28'),
(76, 'Accessoires', 1, NULL, '2025-01-22 14:57:28', '2025-01-22 14:57:28'),
(77, 'Elektronica', 1, NULL, '2025-01-22 14:57:39', '2025-01-22 14:57:39'),
(78, 'Meubilair', 1, NULL, '2025-01-22 14:57:39', '2025-01-22 14:57:39'),
(79, 'Verlichting', 1, NULL, '2025-01-22 14:57:39', '2025-01-22 14:57:39'),
(80, 'Accessoires', 1, NULL, '2025-01-22 14:57:39', '2025-01-22 14:57:39'),
(81, 'Elektronica', 1, NULL, '2025-01-22 14:57:44', '2025-01-22 14:57:44'),
(82, 'Meubilair', 1, NULL, '2025-01-22 14:57:44', '2025-01-22 14:57:44'),
(83, 'Verlichting', 1, NULL, '2025-01-22 14:57:44', '2025-01-22 14:57:44'),
(84, 'Accessoires', 1, NULL, '2025-01-22 14:57:44', '2025-01-22 14:57:44'),
(85, 'Elektronica', 1, NULL, '2025-01-22 14:57:49', '2025-01-22 14:57:49'),
(86, 'Meubilair', 1, NULL, '2025-01-22 14:57:49', '2025-01-22 14:57:49'),
(87, 'Verlichting', 1, NULL, '2025-01-22 14:57:49', '2025-01-22 14:57:49'),
(88, 'Accessoires', 1, NULL, '2025-01-22 14:57:49', '2025-01-22 14:57:49'),
(89, 'Elektronica', 1, NULL, '2025-01-22 14:58:02', '2025-01-22 14:58:02'),
(90, 'Meubilair', 1, NULL, '2025-01-22 14:58:02', '2025-01-22 14:58:02'),
(91, 'Verlichting', 1, NULL, '2025-01-22 14:58:02', '2025-01-22 14:58:02'),
(92, 'Accessoires', 1, NULL, '2025-01-22 14:58:02', '2025-01-22 14:58:02'),
(93, 'Elektronica', 1, NULL, '2025-01-22 14:58:12', '2025-01-22 14:58:12'),
(94, 'Meubilair', 1, NULL, '2025-01-22 14:58:12', '2025-01-22 14:58:12'),
(95, 'Verlichting', 1, NULL, '2025-01-22 14:58:12', '2025-01-22 14:58:12'),
(96, 'Accessoires', 1, NULL, '2025-01-22 14:58:12', '2025-01-22 14:58:12'),
(97, 'Elektronica', 1, NULL, '2025-01-22 14:58:53', '2025-01-22 14:58:53'),
(98, 'Meubilair', 1, NULL, '2025-01-22 14:58:53', '2025-01-22 14:58:53'),
(99, 'Verlichting', 1, NULL, '2025-01-22 14:58:53', '2025-01-22 14:58:53'),
(100, 'Accessoires', 1, NULL, '2025-01-22 14:58:53', '2025-01-22 14:58:53'),
(101, 'Elektronica', 1, NULL, '2025-01-22 15:04:14', '2025-01-22 15:04:14'),
(102, 'Meubilair', 1, NULL, '2025-01-22 15:04:14', '2025-01-22 15:04:14'),
(103, 'Verlichting', 1, NULL, '2025-01-22 15:04:14', '2025-01-22 15:04:14'),
(104, 'Accessoires', 1, NULL, '2025-01-22 15:04:14', '2025-01-22 15:04:14'),
(105, 'Elektronica', 1, NULL, '2025-01-22 15:04:22', '2025-01-22 15:04:22'),
(106, 'Meubilair', 1, NULL, '2025-01-22 15:04:22', '2025-01-22 15:04:22'),
(107, 'Verlichting', 1, NULL, '2025-01-22 15:04:22', '2025-01-22 15:04:22'),
(108, 'Accessoires', 1, NULL, '2025-01-22 15:04:22', '2025-01-22 15:04:22');

-- --------------------------------------------------------

--
-- Tabelstructuur voor tabel `klant`
--

DROP TABLE IF EXISTS `klant`;
CREATE TABLE IF NOT EXISTS `klant` (
  `Id` int NOT NULL AUTO_INCREMENT,
  `Voornaam` varchar(50) NOT NULL,
  `Tussenvoegsel` varchar(10) DEFAULT NULL,
  `Achternaam` varchar(50) NOT NULL,
  `Nummer` varchar(20) NOT NULL,
  `IsActief` tinyint(1) DEFAULT '1',
  `Opmerking` text,
  `AangemaaktDatum` datetime DEFAULT CURRENT_TIMESTAMP,
  `GewijzigdDatum` datetime DEFAULT CURRENT_TIMESTAMP ON UPDATE CURRENT_TIMESTAMP,
  PRIMARY KEY (`Id`)
) ENGINE=InnoDB AUTO_INCREMENT=109 DEFAULT CHARSET=utf8mb4 COLLATE=utf8mb4_0900_ai_ci;

--
-- Gegevens worden geëxporteerd voor tabel `klant`
--

INSERT INTO `klant` (`Id`, `Voornaam`, `Tussenvoegsel`, `Achternaam`, `Nummer`, `IsActief`, `Opmerking`, `AangemaaktDatum`, `GewijzigdDatum`) VALUES
(1, 'Mazin', NULL, 'Jamil', '123456', 1, NULL, '2025-01-22 14:18:40', '2025-01-22 14:18:40'),
(2, 'Arjan', 'de', 'Ruijter', '223456', 1, NULL, '2025-01-22 14:18:40', '2025-01-22 14:18:40'),
(3, 'Hans', NULL, 'Odijk', '323456', 1, NULL, '2025-01-22 14:18:40', '2025-01-22 14:18:40'),
(4, 'Dennis', 'van', 'Wakeren', '423456', 1, NULL, '2025-01-22 14:18:40', '2025-01-22 14:18:40'),
(5, 'Mazin', NULL, 'Jamil', '123456', 1, NULL, '2025-01-22 14:27:16', '2025-01-22 14:27:16'),
(6, 'Arjan', 'de', 'Ruijter', '223456', 1, NULL, '2025-01-22 14:27:16', '2025-01-22 14:27:16'),
(7, 'Hans', NULL, 'Odijk', '323456', 1, NULL, '2025-01-22 14:27:16', '2025-01-22 14:27:16'),
(8, 'Dennis', 'van', 'Wakeren', '423456', 1, NULL, '2025-01-22 14:27:16', '2025-01-22 14:27:16'),
(9, 'Mazin', NULL, 'Jamil', '123456', 1, NULL, '2025-01-22 14:28:33', '2025-01-22 14:28:33'),
(10, 'Arjan', 'de', 'Ruijter', '223456', 1, NULL, '2025-01-22 14:28:33', '2025-01-22 14:28:33'),
(11, 'Hans', NULL, 'Odijk', '323456', 1, NULL, '2025-01-22 14:28:33', '2025-01-22 14:28:33'),
(12, 'Dennis', 'van', 'Wakeren', '423456', 1, NULL, '2025-01-22 14:28:33', '2025-01-22 14:28:33'),
(13, 'Mazin', NULL, 'Jamil', '123456', 1, NULL, '2025-01-22 14:28:37', '2025-01-22 14:28:37'),
(14, 'Arjan', 'de', 'Ruijter', '223456', 1, NULL, '2025-01-22 14:28:37', '2025-01-22 14:28:37'),
(15, 'Hans', NULL, 'Odijk', '323456', 1, NULL, '2025-01-22 14:28:37', '2025-01-22 14:28:37'),
(16, 'Dennis', 'van', 'Wakeren', '423456', 1, NULL, '2025-01-22 14:28:37', '2025-01-22 14:28:37'),
(17, 'Mazin', NULL, 'Jamil', '123456', 1, NULL, '2025-01-22 14:29:00', '2025-01-22 14:29:00'),
(18, 'Arjan', 'de', 'Ruijter', '223456', 1, NULL, '2025-01-22 14:29:00', '2025-01-22 14:29:00'),
(19, 'Hans', NULL, 'Odijk', '323456', 1, NULL, '2025-01-22 14:29:00', '2025-01-22 14:29:00'),
(20, 'Dennis', 'van', 'Wakeren', '423456', 1, NULL, '2025-01-22 14:29:00', '2025-01-22 14:29:00'),
(21, 'Mazin', NULL, 'Jamil', '123456', 1, NULL, '2025-01-22 14:29:21', '2025-01-22 14:29:21'),
(22, 'Arjan', 'de', 'Ruijter', '223456', 1, NULL, '2025-01-22 14:29:21', '2025-01-22 14:29:21'),
(23, 'Hans', NULL, 'Odijk', '323456', 1, NULL, '2025-01-22 14:29:21', '2025-01-22 14:29:21'),
(24, 'Dennis', 'van', 'Wakeren', '423456', 1, NULL, '2025-01-22 14:29:21', '2025-01-22 14:29:21'),
(25, 'Mazin', NULL, 'Jamil', '123456', 1, NULL, '2025-01-22 14:29:24', '2025-01-22 14:29:24'),
(26, 'Arjan', 'de', 'Ruijter', '223456', 1, NULL, '2025-01-22 14:29:24', '2025-01-22 14:29:24'),
(27, 'Hans', NULL, 'Odijk', '323456', 1, NULL, '2025-01-22 14:29:24', '2025-01-22 14:29:24'),
(28, 'Dennis', 'van', 'Wakeren', '423456', 1, NULL, '2025-01-22 14:29:24', '2025-01-22 14:29:24'),
(29, 'Mazin', NULL, 'Jamil', '123456', 1, NULL, '2025-01-22 14:29:36', '2025-01-22 14:29:36'),
(30, 'Arjan', 'de', 'Ruijter', '223456', 1, NULL, '2025-01-22 14:29:36', '2025-01-22 14:29:36'),
(31, 'Hans', NULL, 'Odijk', '323456', 1, NULL, '2025-01-22 14:29:36', '2025-01-22 14:29:36'),
(32, 'Dennis', 'van', 'Wakeren', '423456', 1, NULL, '2025-01-22 14:29:36', '2025-01-22 14:29:36'),
(33, 'Mazin', NULL, 'Jamil', '123456', 1, NULL, '2025-01-22 14:29:49', '2025-01-22 14:29:49'),
(34, 'Arjan', 'de', 'Ruijter', '223456', 1, NULL, '2025-01-22 14:29:49', '2025-01-22 14:29:49'),
(35, 'Hans', NULL, 'Odijk', '323456', 1, NULL, '2025-01-22 14:29:49', '2025-01-22 14:29:49'),
(36, 'Dennis', 'van', 'Wakeren', '423456', 1, NULL, '2025-01-22 14:29:49', '2025-01-22 14:29:49'),
(37, 'Mazin', NULL, 'Jamil', '123456', 1, NULL, '2025-01-22 14:30:45', '2025-01-22 14:30:45'),
(38, 'Arjan', 'de', 'Ruijter', '223456', 1, NULL, '2025-01-22 14:30:45', '2025-01-22 14:30:45'),
(39, 'Hans', NULL, 'Odijk', '323456', 1, NULL, '2025-01-22 14:30:45', '2025-01-22 14:30:45'),
(40, 'Dennis', 'van', 'Wakeren', '423456', 1, NULL, '2025-01-22 14:30:45', '2025-01-22 14:30:45'),
(41, 'Mazin', NULL, 'Jamil', '123456', 1, NULL, '2025-01-22 14:35:58', '2025-01-22 14:35:58'),
(42, 'Arjan', 'de', 'Ruijter', '223456', 1, NULL, '2025-01-22 14:35:58', '2025-01-22 14:35:58'),
(43, 'Hans', NULL, 'Odijk', '323456', 1, NULL, '2025-01-22 14:35:58', '2025-01-22 14:35:58'),
(44, 'Dennis', 'van', 'Wakeren', '423456', 1, NULL, '2025-01-22 14:35:58', '2025-01-22 14:35:58'),
(45, 'Mazin', NULL, 'Jamil', '123456', 1, NULL, '2025-01-22 14:39:45', '2025-01-22 14:39:45'),
(46, 'Arjan', 'de', 'Ruijter', '223456', 1, NULL, '2025-01-22 14:39:45', '2025-01-22 14:39:45'),
(47, 'Hans', NULL, 'Odijk', '323456', 1, NULL, '2025-01-22 14:39:45', '2025-01-22 14:39:45'),
(48, 'Dennis', 'van', 'Wakeren', '423456', 1, NULL, '2025-01-22 14:39:45', '2025-01-22 14:39:45'),
(49, 'Mazin', NULL, 'Jamil', '123456', 1, NULL, '2025-01-22 14:44:23', '2025-01-22 14:44:23'),
(50, 'Arjan', 'de', 'Ruijter', '223456', 1, NULL, '2025-01-22 14:44:23', '2025-01-22 14:44:23'),
(51, 'Hans', NULL, 'Odijk', '323456', 1, NULL, '2025-01-22 14:44:23', '2025-01-22 14:44:23'),
(52, 'Dennis', 'van', 'Wakeren', '423456', 1, NULL, '2025-01-22 14:44:23', '2025-01-22 14:44:23'),
(53, 'Mazin', NULL, 'Jamil', '123456', 1, NULL, '2025-01-22 14:45:32', '2025-01-22 14:45:32'),
(54, 'Arjan', 'de', 'Ruijter', '223456', 1, NULL, '2025-01-22 14:45:32', '2025-01-22 14:45:32'),
(55, 'Hans', NULL, 'Odijk', '323456', 1, NULL, '2025-01-22 14:45:32', '2025-01-22 14:45:32'),
(56, 'Dennis', 'van', 'Wakeren', '423456', 1, NULL, '2025-01-22 14:45:32', '2025-01-22 14:45:32'),
(57, 'Mazin', NULL, 'Jamil', '123456', 1, NULL, '2025-01-22 14:49:09', '2025-01-22 14:49:09'),
(58, 'Arjan', 'de', 'Ruijter', '223456', 1, NULL, '2025-01-22 14:49:09', '2025-01-22 14:49:09'),
(59, 'Hans', NULL, 'Odijk', '323456', 1, NULL, '2025-01-22 14:49:09', '2025-01-22 14:49:09'),
(60, 'Dennis', 'van', 'Wakeren', '423456', 1, NULL, '2025-01-22 14:49:09', '2025-01-22 14:49:09'),
(61, 'Mazin', NULL, 'Jamil', '123456', 1, NULL, '2025-01-22 14:50:32', '2025-01-22 14:50:32'),
(62, 'Arjan', 'de', 'Ruijter', '223456', 1, NULL, '2025-01-22 14:50:32', '2025-01-22 14:50:32'),
(63, 'Hans', NULL, 'Odijk', '323456', 1, NULL, '2025-01-22 14:50:32', '2025-01-22 14:50:32'),
(64, 'Dennis', 'van', 'Wakeren', '423456', 1, NULL, '2025-01-22 14:50:32', '2025-01-22 14:50:32'),
(65, 'Mazin', NULL, 'Jamil', '123456', 1, NULL, '2025-01-22 14:53:36', '2025-01-22 14:53:36'),
(66, 'Arjan', 'de', 'Ruijter', '223456', 1, NULL, '2025-01-22 14:53:36', '2025-01-22 14:53:36'),
(67, 'Hans', NULL, 'Odijk', '323456', 1, NULL, '2025-01-22 14:53:36', '2025-01-22 14:53:36'),
(68, 'Dennis', 'van', 'Wakeren', '423456', 1, NULL, '2025-01-22 14:53:36', '2025-01-22 14:53:36'),
(69, 'Mazin', NULL, 'Jamil', '123456', 1, NULL, '2025-01-22 14:57:23', '2025-01-22 14:57:23'),
(70, 'Arjan', 'de', 'Ruijter', '223456', 1, NULL, '2025-01-22 14:57:23', '2025-01-22 14:57:23'),
(71, 'Hans', NULL, 'Odijk', '323456', 1, NULL, '2025-01-22 14:57:23', '2025-01-22 14:57:23'),
(72, 'Dennis', 'van', 'Wakeren', '423456', 1, NULL, '2025-01-22 14:57:23', '2025-01-22 14:57:23'),
(73, 'Mazin', NULL, 'Jamil', '123456', 1, NULL, '2025-01-22 14:57:28', '2025-01-22 14:57:28'),
(74, 'Arjan', 'de', 'Ruijter', '223456', 1, NULL, '2025-01-22 14:57:28', '2025-01-22 14:57:28'),
(75, 'Hans', NULL, 'Odijk', '323456', 1, NULL, '2025-01-22 14:57:28', '2025-01-22 14:57:28'),
(76, 'Dennis', 'van', 'Wakeren', '423456', 1, NULL, '2025-01-22 14:57:28', '2025-01-22 14:57:28'),
(77, 'Mazin', NULL, 'Jamil', '123456', 1, NULL, '2025-01-22 14:57:39', '2025-01-22 14:57:39'),
(78, 'Arjan', 'de', 'Ruijter', '223456', 1, NULL, '2025-01-22 14:57:39', '2025-01-22 14:57:39'),
(79, 'Hans', NULL, 'Odijk', '323456', 1, NULL, '2025-01-22 14:57:39', '2025-01-22 14:57:39'),
(80, 'Dennis', 'van', 'Wakeren', '423456', 1, NULL, '2025-01-22 14:57:39', '2025-01-22 14:57:39'),
(81, 'Mazin', NULL, 'Jamil', '123456', 1, NULL, '2025-01-22 14:57:44', '2025-01-22 14:57:44'),
(82, 'Arjan', 'de', 'Ruijter', '223456', 1, NULL, '2025-01-22 14:57:44', '2025-01-22 14:57:44'),
(83, 'Hans', NULL, 'Odijk', '323456', 1, NULL, '2025-01-22 14:57:44', '2025-01-22 14:57:44'),
(84, 'Dennis', 'van', 'Wakeren', '423456', 1, NULL, '2025-01-22 14:57:44', '2025-01-22 14:57:44'),
(85, 'Mazin', NULL, 'Jamil', '123456', 1, NULL, '2025-01-22 14:57:49', '2025-01-22 14:57:49'),
(86, 'Arjan', 'de', 'Ruijter', '223456', 1, NULL, '2025-01-22 14:57:49', '2025-01-22 14:57:49'),
(87, 'Hans', NULL, 'Odijk', '323456', 1, NULL, '2025-01-22 14:57:49', '2025-01-22 14:57:49'),
(88, 'Dennis', 'van', 'Wakeren', '423456', 1, NULL, '2025-01-22 14:57:49', '2025-01-22 14:57:49'),
(89, 'Mazin', NULL, 'Jamil', '123456', 1, NULL, '2025-01-22 14:58:02', '2025-01-22 14:58:02'),
(90, 'Arjan', 'de', 'Ruijter', '223456', 1, NULL, '2025-01-22 14:58:02', '2025-01-22 14:58:02'),
(91, 'Hans', NULL, 'Odijk', '323456', 1, NULL, '2025-01-22 14:58:02', '2025-01-22 14:58:02'),
(92, 'Dennis', 'van', 'Wakeren', '423456', 1, NULL, '2025-01-22 14:58:02', '2025-01-22 14:58:02'),
(93, 'Mazin', NULL, 'Jamil', '123456', 1, NULL, '2025-01-22 14:58:12', '2025-01-22 14:58:12'),
(94, 'Arjan', 'de', 'Ruijter', '223456', 1, NULL, '2025-01-22 14:58:12', '2025-01-22 14:58:12'),
(95, 'Hans', NULL, 'Odijk', '323456', 1, NULL, '2025-01-22 14:58:12', '2025-01-22 14:58:12'),
(96, 'Dennis', 'van', 'Wakeren', '423456', 1, NULL, '2025-01-22 14:58:12', '2025-01-22 14:58:12'),
(97, 'Mazin', NULL, 'Jamil', '123456', 1, NULL, '2025-01-22 14:58:53', '2025-01-22 14:58:53'),
(98, 'Arjan', 'de', 'Ruijter', '223456', 1, NULL, '2025-01-22 14:58:53', '2025-01-22 14:58:53'),
(99, 'Hans', NULL, 'Odijk', '323456', 1, NULL, '2025-01-22 14:58:53', '2025-01-22 14:58:53'),
(100, 'Dennis', 'van', 'Wakeren', '423456', 1, NULL, '2025-01-22 14:58:53', '2025-01-22 14:58:53'),
(101, 'Mazin', NULL, 'Jamil', '123456', 1, NULL, '2025-01-22 15:04:14', '2025-01-22 15:04:14'),
(102, 'Arjan', 'de', 'Ruijter', '223456', 1, NULL, '2025-01-22 15:04:14', '2025-01-22 15:04:14'),
(103, 'Hans', NULL, 'Odijk', '323456', 1, NULL, '2025-01-22 15:04:14', '2025-01-22 15:04:14'),
(104, 'Dennis', 'van', 'Wakeren', '423456', 1, NULL, '2025-01-22 15:04:14', '2025-01-22 15:04:14'),
(105, 'Mazin', NULL, 'Jamil', '123456', 1, NULL, '2025-01-22 15:04:22', '2025-01-22 15:04:22'),
(106, 'Arjan', 'de', 'Ruijter', '223456', 1, NULL, '2025-01-22 15:04:22', '2025-01-22 15:04:22'),
(107, 'Hans', NULL, 'Odijk', '323456', 1, NULL, '2025-01-22 15:04:22', '2025-01-22 15:04:22'),
(108, 'Dennis', 'van', 'Wakeren', '423456', 1, NULL, '2025-01-22 15:04:22', '2025-01-22 15:04:22');

-- --------------------------------------------------------

--
-- Tabelstructuur voor tabel `leverancier`
--

DROP TABLE IF EXISTS `leverancier`;
CREATE TABLE IF NOT EXISTS `leverancier` (
  `Id` int NOT NULL AUTO_INCREMENT,
  `Naam` varchar(100) NOT NULL,
  `Contactnaam` varchar(100) NOT NULL,
  `Telefoon` varchar(20) NOT NULL,
  `Email` varchar(100) NOT NULL,
  `IsActief` tinyint(1) DEFAULT '1',
  `Opmerking` text,
  `AangemaaktDatum` datetime DEFAULT CURRENT_TIMESTAMP,
  `GewijzigdDatum` datetime DEFAULT CURRENT_TIMESTAMP ON UPDATE CURRENT_TIMESTAMP,
  PRIMARY KEY (`Id`)
) ENGINE=InnoDB AUTO_INCREMENT=109 DEFAULT CHARSET=utf8mb4 COLLATE=utf8mb4_0900_ai_ci;

--
-- Gegevens worden geëxporteerd voor tabel `leverancier`
--

INSERT INTO `leverancier` (`Id`, `Naam`, `Contactnaam`, `Telefoon`, `Email`, `IsActief`, `Opmerking`, `AangemaaktDatum`, `GewijzigdDatum`) VALUES
(1, 'TechWorld Supplies', 'John Doe', '555-1234567', 'john.doe@techworld.com', 1, NULL, '2025-01-22 14:18:40', '2025-01-22 14:18:40'),
(2, 'Office Comforts', 'Jane Smith', '555-7654321', 'jane.smith@officecomforts.com', 1, NULL, '2025-01-22 14:18:40', '2025-01-22 14:18:40'),
(3, 'GreenLight Co.', 'Mike Johnson', '555-9876543', 'mike.johnson@greenlight.com', 1, NULL, '2025-01-22 14:18:40', '2025-01-22 14:18:40'),
(4, 'Aussoft', 'Sam Holland', '555-9873216', 'sam.holland@aussoft.com', 1, NULL, '2025-01-22 14:18:40', '2025-01-22 14:18:40'),
(5, 'TechWorld Supplies', 'John Doe', '555-1234567', 'john.doe@techworld.com', 1, NULL, '2025-01-22 14:27:16', '2025-01-22 14:27:16'),
(6, 'Office Comforts', 'Jane Smith', '555-7654321', 'jane.smith@officecomforts.com', 1, NULL, '2025-01-22 14:27:16', '2025-01-22 14:27:16'),
(7, 'GreenLight Co.', 'Mike Johnson', '555-9876543', 'mike.johnson@greenlight.com', 1, NULL, '2025-01-22 14:27:16', '2025-01-22 14:27:16'),
(8, 'Aussoft', 'Sam Holland', '555-9873216', 'sam.holland@aussoft.com', 1, NULL, '2025-01-22 14:27:16', '2025-01-22 14:27:16'),
(9, 'TechWorld Supplies', 'John Doe', '555-1234567', 'john.doe@techworld.com', 1, NULL, '2025-01-22 14:28:33', '2025-01-22 14:28:33'),
(10, 'Office Comforts', 'Jane Smith', '555-7654321', 'jane.smith@officecomforts.com', 1, NULL, '2025-01-22 14:28:33', '2025-01-22 14:28:33'),
(11, 'GreenLight Co.', 'Mike Johnson', '555-9876543', 'mike.johnson@greenlight.com', 1, NULL, '2025-01-22 14:28:33', '2025-01-22 14:28:33'),
(12, 'Aussoft', 'Sam Holland', '555-9873216', 'sam.holland@aussoft.com', 1, NULL, '2025-01-22 14:28:33', '2025-01-22 14:28:33'),
(13, 'TechWorld Supplies', 'John Doe', '555-1234567', 'john.doe@techworld.com', 1, NULL, '2025-01-22 14:28:37', '2025-01-22 14:28:37'),
(14, 'Office Comforts', 'Jane Smith', '555-7654321', 'jane.smith@officecomforts.com', 1, NULL, '2025-01-22 14:28:37', '2025-01-22 14:28:37'),
(15, 'GreenLight Co.', 'Mike Johnson', '555-9876543', 'mike.johnson@greenlight.com', 1, NULL, '2025-01-22 14:28:37', '2025-01-22 14:28:37'),
(16, 'Aussoft', 'Sam Holland', '555-9873216', 'sam.holland@aussoft.com', 1, NULL, '2025-01-22 14:28:37', '2025-01-22 14:28:37'),
(17, 'TechWorld Supplies', 'John Doe', '555-1234567', 'john.doe@techworld.com', 1, NULL, '2025-01-22 14:29:00', '2025-01-22 14:29:00'),
(18, 'Office Comforts', 'Jane Smith', '555-7654321', 'jane.smith@officecomforts.com', 1, NULL, '2025-01-22 14:29:00', '2025-01-22 14:29:00'),
(19, 'GreenLight Co.', 'Mike Johnson', '555-9876543', 'mike.johnson@greenlight.com', 1, NULL, '2025-01-22 14:29:00', '2025-01-22 14:29:00'),
(20, 'Aussoft', 'Sam Holland', '555-9873216', 'sam.holland@aussoft.com', 1, NULL, '2025-01-22 14:29:00', '2025-01-22 14:29:00'),
(21, 'TechWorld Supplies', 'John Doe', '555-1234567', 'john.doe@techworld.com', 1, NULL, '2025-01-22 14:29:21', '2025-01-22 14:29:21'),
(22, 'Office Comforts', 'Jane Smith', '555-7654321', 'jane.smith@officecomforts.com', 1, NULL, '2025-01-22 14:29:21', '2025-01-22 14:29:21'),
(23, 'GreenLight Co.', 'Mike Johnson', '555-9876543', 'mike.johnson@greenlight.com', 1, NULL, '2025-01-22 14:29:21', '2025-01-22 14:29:21'),
(24, 'Aussoft', 'Sam Holland', '555-9873216', 'sam.holland@aussoft.com', 1, NULL, '2025-01-22 14:29:21', '2025-01-22 14:29:21'),
(25, 'TechWorld Supplies', 'John Doe', '555-1234567', 'john.doe@techworld.com', 1, NULL, '2025-01-22 14:29:24', '2025-01-22 14:29:24'),
(26, 'Office Comforts', 'Jane Smith', '555-7654321', 'jane.smith@officecomforts.com', 1, NULL, '2025-01-22 14:29:24', '2025-01-22 14:29:24'),
(27, 'GreenLight Co.', 'Mike Johnson', '555-9876543', 'mike.johnson@greenlight.com', 1, NULL, '2025-01-22 14:29:24', '2025-01-22 14:29:24'),
(28, 'Aussoft', 'Sam Holland', '555-9873216', 'sam.holland@aussoft.com', 1, NULL, '2025-01-22 14:29:24', '2025-01-22 14:29:24'),
(29, 'TechWorld Supplies', 'John Doe', '555-1234567', 'john.doe@techworld.com', 1, NULL, '2025-01-22 14:29:36', '2025-01-22 14:29:36'),
(30, 'Office Comforts', 'Jane Smith', '555-7654321', 'jane.smith@officecomforts.com', 1, NULL, '2025-01-22 14:29:36', '2025-01-22 14:29:36'),
(31, 'GreenLight Co.', 'Mike Johnson', '555-9876543', 'mike.johnson@greenlight.com', 1, NULL, '2025-01-22 14:29:36', '2025-01-22 14:29:36'),
(32, 'Aussoft', 'Sam Holland', '555-9873216', 'sam.holland@aussoft.com', 1, NULL, '2025-01-22 14:29:36', '2025-01-22 14:29:36'),
(33, 'TechWorld Supplies', 'John Doe', '555-1234567', 'john.doe@techworld.com', 1, NULL, '2025-01-22 14:29:49', '2025-01-22 14:29:49'),
(34, 'Office Comforts', 'Jane Smith', '555-7654321', 'jane.smith@officecomforts.com', 1, NULL, '2025-01-22 14:29:49', '2025-01-22 14:29:49'),
(35, 'GreenLight Co.', 'Mike Johnson', '555-9876543', 'mike.johnson@greenlight.com', 1, NULL, '2025-01-22 14:29:49', '2025-01-22 14:29:49'),
(36, 'Aussoft', 'Sam Holland', '555-9873216', 'sam.holland@aussoft.com', 1, NULL, '2025-01-22 14:29:49', '2025-01-22 14:29:49'),
(37, 'TechWorld Supplies', 'John Doe', '555-1234567', 'john.doe@techworld.com', 1, NULL, '2025-01-22 14:30:45', '2025-01-22 14:30:45'),
(38, 'Office Comforts', 'Jane Smith', '555-7654321', 'jane.smith@officecomforts.com', 1, NULL, '2025-01-22 14:30:45', '2025-01-22 14:30:45'),
(39, 'GreenLight Co.', 'Mike Johnson', '555-9876543', 'mike.johnson@greenlight.com', 1, NULL, '2025-01-22 14:30:45', '2025-01-22 14:30:45'),
(40, 'Aussoft', 'Sam Holland', '555-9873216', 'sam.holland@aussoft.com', 1, NULL, '2025-01-22 14:30:45', '2025-01-22 14:30:45'),
(41, 'TechWorld Supplies', 'John Doe', '555-1234567', 'john.doe@techworld.com', 1, NULL, '2025-01-22 14:35:58', '2025-01-22 14:35:58'),
(42, 'Office Comforts', 'Jane Smith', '555-7654321', 'jane.smith@officecomforts.com', 1, NULL, '2025-01-22 14:35:58', '2025-01-22 14:35:58'),
(43, 'GreenLight Co.', 'Mike Johnson', '555-9876543', 'mike.johnson@greenlight.com', 1, NULL, '2025-01-22 14:35:58', '2025-01-22 14:35:58'),
(44, 'Aussoft', 'Sam Holland', '555-9873216', 'sam.holland@aussoft.com', 1, NULL, '2025-01-22 14:35:58', '2025-01-22 14:35:58'),
(45, 'TechWorld Supplies', 'John Doe', '555-1234567', 'john.doe@techworld.com', 1, NULL, '2025-01-22 14:39:45', '2025-01-22 14:39:45'),
(46, 'Office Comforts', 'Jane Smith', '555-7654321', 'jane.smith@officecomforts.com', 1, NULL, '2025-01-22 14:39:45', '2025-01-22 14:39:45'),
(47, 'GreenLight Co.', 'Mike Johnson', '555-9876543', 'mike.johnson@greenlight.com', 1, NULL, '2025-01-22 14:39:45', '2025-01-22 14:39:45'),
(48, 'Aussoft', 'Sam Holland', '555-9873216', 'sam.holland@aussoft.com', 1, NULL, '2025-01-22 14:39:45', '2025-01-22 14:39:45'),
(49, 'TechWorld Supplies', 'John Doe', '555-1234567', 'john.doe@techworld.com', 1, NULL, '2025-01-22 14:44:23', '2025-01-22 14:44:23'),
(50, 'Office Comforts', 'Jane Smith', '555-7654321', 'jane.smith@officecomforts.com', 1, NULL, '2025-01-22 14:44:23', '2025-01-22 14:44:23'),
(51, 'GreenLight Co.', 'Mike Johnson', '555-9876543', 'mike.johnson@greenlight.com', 1, NULL, '2025-01-22 14:44:23', '2025-01-22 14:44:23'),
(52, 'Aussoft', 'Sam Holland', '555-9873216', 'sam.holland@aussoft.com', 1, NULL, '2025-01-22 14:44:23', '2025-01-22 14:44:23'),
(53, 'TechWorld Supplies', 'John Doe', '555-1234567', 'john.doe@techworld.com', 1, NULL, '2025-01-22 14:45:32', '2025-01-22 14:45:32'),
(54, 'Office Comforts', 'Jane Smith', '555-7654321', 'jane.smith@officecomforts.com', 1, NULL, '2025-01-22 14:45:32', '2025-01-22 14:45:32'),
(55, 'GreenLight Co.', 'Mike Johnson', '555-9876543', 'mike.johnson@greenlight.com', 1, NULL, '2025-01-22 14:45:32', '2025-01-22 14:45:32'),
(56, 'Aussoft', 'Sam Holland', '555-9873216', 'sam.holland@aussoft.com', 1, NULL, '2025-01-22 14:45:32', '2025-01-22 14:45:32'),
(57, 'TechWorld Supplies', 'John Doe', '555-1234567', 'john.doe@techworld.com', 1, NULL, '2025-01-22 14:49:09', '2025-01-22 14:49:09'),
(58, 'Office Comforts', 'Jane Smith', '555-7654321', 'jane.smith@officecomforts.com', 1, NULL, '2025-01-22 14:49:09', '2025-01-22 14:49:09'),
(59, 'GreenLight Co.', 'Mike Johnson', '555-9876543', 'mike.johnson@greenlight.com', 1, NULL, '2025-01-22 14:49:09', '2025-01-22 14:49:09'),
(60, 'Aussoft', 'Sam Holland', '555-9873216', 'sam.holland@aussoft.com', 1, NULL, '2025-01-22 14:49:09', '2025-01-22 14:49:09'),
(61, 'TechWorld Supplies', 'John Doe', '555-1234567', 'john.doe@techworld.com', 1, NULL, '2025-01-22 14:50:32', '2025-01-22 14:50:32'),
(62, 'Office Comforts', 'Jane Smith', '555-7654321', 'jane.smith@officecomforts.com', 1, NULL, '2025-01-22 14:50:32', '2025-01-22 14:50:32'),
(63, 'GreenLight Co.', 'Mike Johnson', '555-9876543', 'mike.johnson@greenlight.com', 1, NULL, '2025-01-22 14:50:32', '2025-01-22 14:50:32'),
(64, 'Aussoft', 'Sam Holland', '555-9873216', 'sam.holland@aussoft.com', 1, NULL, '2025-01-22 14:50:32', '2025-01-22 14:50:32'),
(65, 'TechWorld Supplies', 'John Doe', '555-1234567', 'john.doe@techworld.com', 1, NULL, '2025-01-22 14:53:36', '2025-01-22 14:53:36'),
(66, 'Office Comforts', 'Jane Smith', '555-7654321', 'jane.smith@officecomforts.com', 1, NULL, '2025-01-22 14:53:36', '2025-01-22 14:53:36'),
(67, 'GreenLight Co.', 'Mike Johnson', '555-9876543', 'mike.johnson@greenlight.com', 1, NULL, '2025-01-22 14:53:36', '2025-01-22 14:53:36'),
(68, 'Aussoft', 'Sam Holland', '555-9873216', 'sam.holland@aussoft.com', 1, NULL, '2025-01-22 14:53:36', '2025-01-22 14:53:36'),
(69, 'TechWorld Supplies', 'John Doe', '555-1234567', 'john.doe@techworld.com', 1, NULL, '2025-01-22 14:57:23', '2025-01-22 14:57:23'),
(70, 'Office Comforts', 'Jane Smith', '555-7654321', 'jane.smith@officecomforts.com', 1, NULL, '2025-01-22 14:57:23', '2025-01-22 14:57:23'),
(71, 'GreenLight Co.', 'Mike Johnson', '555-9876543', 'mike.johnson@greenlight.com', 1, NULL, '2025-01-22 14:57:23', '2025-01-22 14:57:23'),
(72, 'Aussoft', 'Sam Holland', '555-9873216', 'sam.holland@aussoft.com', 1, NULL, '2025-01-22 14:57:23', '2025-01-22 14:57:23'),
(73, 'TechWorld Supplies', 'John Doe', '555-1234567', 'john.doe@techworld.com', 1, NULL, '2025-01-22 14:57:28', '2025-01-22 14:57:28'),
(74, 'Office Comforts', 'Jane Smith', '555-7654321', 'jane.smith@officecomforts.com', 1, NULL, '2025-01-22 14:57:28', '2025-01-22 14:57:28'),
(75, 'GreenLight Co.', 'Mike Johnson', '555-9876543', 'mike.johnson@greenlight.com', 1, NULL, '2025-01-22 14:57:28', '2025-01-22 14:57:28'),
(76, 'Aussoft', 'Sam Holland', '555-9873216', 'sam.holland@aussoft.com', 1, NULL, '2025-01-22 14:57:28', '2025-01-22 14:57:28'),
(77, 'TechWorld Supplies', 'John Doe', '555-1234567', 'john.doe@techworld.com', 1, NULL, '2025-01-22 14:57:39', '2025-01-22 14:57:39'),
(78, 'Office Comforts', 'Jane Smith', '555-7654321', 'jane.smith@officecomforts.com', 1, NULL, '2025-01-22 14:57:39', '2025-01-22 14:57:39'),
(79, 'GreenLight Co.', 'Mike Johnson', '555-9876543', 'mike.johnson@greenlight.com', 1, NULL, '2025-01-22 14:57:39', '2025-01-22 14:57:39'),
(80, 'Aussoft', 'Sam Holland', '555-9873216', 'sam.holland@aussoft.com', 1, NULL, '2025-01-22 14:57:39', '2025-01-22 14:57:39'),
(81, 'TechWorld Supplies', 'John Doe', '555-1234567', 'john.doe@techworld.com', 1, NULL, '2025-01-22 14:57:44', '2025-01-22 14:57:44'),
(82, 'Office Comforts', 'Jane Smith', '555-7654321', 'jane.smith@officecomforts.com', 1, NULL, '2025-01-22 14:57:44', '2025-01-22 14:57:44'),
(83, 'GreenLight Co.', 'Mike Johnson', '555-9876543', 'mike.johnson@greenlight.com', 1, NULL, '2025-01-22 14:57:44', '2025-01-22 14:57:44'),
(84, 'Aussoft', 'Sam Holland', '555-9873216', 'sam.holland@aussoft.com', 1, NULL, '2025-01-22 14:57:44', '2025-01-22 14:57:44'),
(85, 'TechWorld Supplies', 'John Doe', '555-1234567', 'john.doe@techworld.com', 1, NULL, '2025-01-22 14:57:49', '2025-01-22 14:57:49'),
(86, 'Office Comforts', 'Jane Smith', '555-7654321', 'jane.smith@officecomforts.com', 1, NULL, '2025-01-22 14:57:49', '2025-01-22 14:57:49'),
(87, 'GreenLight Co.', 'Mike Johnson', '555-9876543', 'mike.johnson@greenlight.com', 1, NULL, '2025-01-22 14:57:49', '2025-01-22 14:57:49'),
(88, 'Aussoft', 'Sam Holland', '555-9873216', 'sam.holland@aussoft.com', 1, NULL, '2025-01-22 14:57:49', '2025-01-22 14:57:49'),
(89, 'TechWorld Supplies', 'John Doe', '555-1234567', 'john.doe@techworld.com', 1, NULL, '2025-01-22 14:58:02', '2025-01-22 14:58:02'),
(90, 'Office Comforts', 'Jane Smith', '555-7654321', 'jane.smith@officecomforts.com', 1, NULL, '2025-01-22 14:58:02', '2025-01-22 14:58:02'),
(91, 'GreenLight Co.', 'Mike Johnson', '555-9876543', 'mike.johnson@greenlight.com', 1, NULL, '2025-01-22 14:58:02', '2025-01-22 14:58:02'),
(92, 'Aussoft', 'Sam Holland', '555-9873216', 'sam.holland@aussoft.com', 1, NULL, '2025-01-22 14:58:02', '2025-01-22 14:58:02'),
(93, 'TechWorld Supplies', 'John Doe', '555-1234567', 'john.doe@techworld.com', 1, NULL, '2025-01-22 14:58:12', '2025-01-22 14:58:12'),
(94, 'Office Comforts', 'Jane Smith', '555-7654321', 'jane.smith@officecomforts.com', 1, NULL, '2025-01-22 14:58:12', '2025-01-22 14:58:12'),
(95, 'GreenLight Co.', 'Mike Johnson', '555-9876543', 'mike.johnson@greenlight.com', 1, NULL, '2025-01-22 14:58:12', '2025-01-22 14:58:12'),
(96, 'Aussoft', 'Sam Holland', '555-9873216', 'sam.holland@aussoft.com', 1, NULL, '2025-01-22 14:58:12', '2025-01-22 14:58:12'),
(97, 'TechWorld Supplies', 'John Doe', '555-1234567', 'john.doe@techworld.com', 1, NULL, '2025-01-22 14:58:53', '2025-01-22 14:58:53'),
(98, 'Office Comforts', 'Jane Smith', '555-7654321', 'jane.smith@officecomforts.com', 1, NULL, '2025-01-22 14:58:53', '2025-01-22 14:58:53'),
(99, 'GreenLight Co.', 'Mike Johnson', '555-9876543', 'mike.johnson@greenlight.com', 1, NULL, '2025-01-22 14:58:53', '2025-01-22 14:58:53'),
(100, 'Aussoft', 'Sam Holland', '555-9873216', 'sam.holland@aussoft.com', 1, NULL, '2025-01-22 14:58:53', '2025-01-22 14:58:53'),
(101, 'TechWorld Supplies', 'John Doe', '555-1234567', 'john.doe@techworld.com', 1, NULL, '2025-01-22 15:04:14', '2025-01-22 15:04:14'),
(102, 'Office Comforts', 'Jane Smith', '555-7654321', 'jane.smith@officecomforts.com', 1, NULL, '2025-01-22 15:04:14', '2025-01-22 15:04:14'),
(103, 'GreenLight Co.', 'Mike Johnson', '555-9876543', 'mike.johnson@greenlight.com', 1, NULL, '2025-01-22 15:04:14', '2025-01-22 15:04:14'),
(104, 'Aussoft', 'Sam Holland', '555-9873216', 'sam.holland@aussoft.com', 1, NULL, '2025-01-22 15:04:14', '2025-01-22 15:04:14'),
(105, 'TechWorld Supplies', 'John Doe', '555-1234567', 'john.doe@techworld.com', 1, NULL, '2025-01-22 15:04:22', '2025-01-22 15:04:22'),
(106, 'Office Comforts', 'Jane Smith', '555-7654321', 'jane.smith@officecomforts.com', 1, NULL, '2025-01-22 15:04:22', '2025-01-22 15:04:22'),
(107, 'GreenLight Co.', 'Mike Johnson', '555-9876543', 'mike.johnson@greenlight.com', 1, NULL, '2025-01-22 15:04:22', '2025-01-22 15:04:22'),
(108, 'Aussoft', 'Sam Holland', '555-9873216', 'sam.holland@aussoft.com', 1, NULL, '2025-01-22 15:04:22', '2025-01-22 15:04:22');

-- --------------------------------------------------------

--
-- Tabelstructuur voor tabel `product`
--

DROP TABLE IF EXISTS `product`;
CREATE TABLE IF NOT EXISTS `product` (
  `Id` int NOT NULL AUTO_INCREMENT,
  `CategorieId` int NOT NULL,
  `Naam` varchar(100) NOT NULL,
  `ProductCode` varchar(10) NOT NULL,
  `Eenheidsprijs` decimal(10,2) NOT NULL,
  `IsActief` tinyint(1) DEFAULT '1',
  `Opmerking` text,
  `AangemaaktDatum` datetime DEFAULT CURRENT_TIMESTAMP,
  `GewijzigdDatum` datetime DEFAULT CURRENT_TIMESTAMP ON UPDATE CURRENT_TIMESTAMP,
  PRIMARY KEY (`Id`),
  KEY `CategorieId` (`CategorieId`)
) ENGINE=InnoDB AUTO_INCREMENT=109 DEFAULT CHARSET=utf8mb4 COLLATE=utf8mb4_0900_ai_ci;

--
-- Gegevens worden geëxporteerd voor tabel `product`
--

INSERT INTO `product` (`Id`, `CategorieId`, `Naam`, `ProductCode`, `Eenheidsprijs`, `IsActief`, `Opmerking`, `AangemaaktDatum`, `GewijzigdDatum`) VALUES
(1, 1, 'Laptop', 'LAPT', 1200.00, 1, NULL, '2025-01-22 14:18:40', '2025-01-22 14:18:40'),
(2, 2, 'Bureau stoel', 'BUST', 150.00, 1, NULL, '2025-01-22 14:18:40', '2025-01-22 14:18:40'),
(3, 3, 'LED-lamp', 'LELA', 2.50, 1, NULL, '2025-01-22 14:18:40', '2025-01-22 14:18:40'),
(4, 4, 'USB-kabel', 'USKA', 5.00, 1, NULL, '2025-01-22 14:18:40', '2025-01-22 14:18:40'),
(5, 1, 'Laptop', 'LAPT', 1200.00, 1, NULL, '2025-01-22 14:27:16', '2025-01-22 14:27:16'),
(6, 2, 'Bureau stoel', 'BUST', 150.00, 1, NULL, '2025-01-22 14:27:16', '2025-01-22 14:27:16'),
(7, 3, 'LED-lamp', 'LELA', 2.50, 1, NULL, '2025-01-22 14:27:16', '2025-01-22 14:27:16'),
(8, 4, 'USB-kabel', 'USKA', 5.00, 1, NULL, '2025-01-22 14:27:16', '2025-01-22 14:27:16'),
(9, 1, 'Laptop', 'LAPT', 1200.00, 1, NULL, '2025-01-22 14:28:33', '2025-01-22 14:28:33'),
(10, 2, 'Bureau stoel', 'BUST', 150.00, 1, NULL, '2025-01-22 14:28:33', '2025-01-22 14:28:33'),
(11, 3, 'LED-lamp', 'LELA', 2.50, 1, NULL, '2025-01-22 14:28:33', '2025-01-22 14:28:33'),
(12, 4, 'USB-kabel', 'USKA', 5.00, 1, NULL, '2025-01-22 14:28:33', '2025-01-22 14:28:33'),
(13, 1, 'Laptop', 'LAPT', 1200.00, 1, NULL, '2025-01-22 14:28:37', '2025-01-22 14:28:37'),
(14, 2, 'Bureau stoel', 'BUST', 150.00, 1, NULL, '2025-01-22 14:28:37', '2025-01-22 14:28:37'),
(15, 3, 'LED-lamp', 'LELA', 2.50, 1, NULL, '2025-01-22 14:28:37', '2025-01-22 14:28:37'),
(16, 4, 'USB-kabel', 'USKA', 5.00, 1, NULL, '2025-01-22 14:28:37', '2025-01-22 14:28:37'),
(17, 1, 'Laptop', 'LAPT', 1200.00, 1, NULL, '2025-01-22 14:29:00', '2025-01-22 14:29:00'),
(18, 2, 'Bureau stoel', 'BUST', 150.00, 1, NULL, '2025-01-22 14:29:00', '2025-01-22 14:29:00'),
(19, 3, 'LED-lamp', 'LELA', 2.50, 1, NULL, '2025-01-22 14:29:00', '2025-01-22 14:29:00'),
(20, 4, 'USB-kabel', 'USKA', 5.00, 1, NULL, '2025-01-22 14:29:00', '2025-01-22 14:29:00'),
(21, 1, 'Laptop', 'LAPT', 1200.00, 1, NULL, '2025-01-22 14:29:21', '2025-01-22 14:29:21'),
(22, 2, 'Bureau stoel', 'BUST', 150.00, 1, NULL, '2025-01-22 14:29:21', '2025-01-22 14:29:21'),
(23, 3, 'LED-lamp', 'LELA', 2.50, 1, NULL, '2025-01-22 14:29:21', '2025-01-22 14:29:21'),
(24, 4, 'USB-kabel', 'USKA', 5.00, 1, NULL, '2025-01-22 14:29:21', '2025-01-22 14:29:21'),
(25, 1, 'Laptop', 'LAPT', 1200.00, 1, NULL, '2025-01-22 14:29:24', '2025-01-22 14:29:24'),
(26, 2, 'Bureau stoel', 'BUST', 150.00, 1, NULL, '2025-01-22 14:29:24', '2025-01-22 14:29:24'),
(27, 3, 'LED-lamp', 'LELA', 2.50, 1, NULL, '2025-01-22 14:29:24', '2025-01-22 14:29:24'),
(28, 4, 'USB-kabel', 'USKA', 5.00, 1, NULL, '2025-01-22 14:29:24', '2025-01-22 14:29:24'),
(29, 1, 'Laptop', 'LAPT', 1200.00, 1, NULL, '2025-01-22 14:29:36', '2025-01-22 14:29:36'),
(30, 2, 'Bureau stoel', 'BUST', 150.00, 1, NULL, '2025-01-22 14:29:36', '2025-01-22 14:29:36'),
(31, 3, 'LED-lamp', 'LELA', 2.50, 1, NULL, '2025-01-22 14:29:36', '2025-01-22 14:29:36'),
(32, 4, 'USB-kabel', 'USKA', 5.00, 1, NULL, '2025-01-22 14:29:36', '2025-01-22 14:29:36'),
(33, 1, 'Laptop', 'LAPT', 1200.00, 1, NULL, '2025-01-22 14:29:49', '2025-01-22 14:29:49'),
(34, 2, 'Bureau stoel', 'BUST', 150.00, 1, NULL, '2025-01-22 14:29:49', '2025-01-22 14:29:49'),
(35, 3, 'LED-lamp', 'LELA', 2.50, 1, NULL, '2025-01-22 14:29:49', '2025-01-22 14:29:49'),
(36, 4, 'USB-kabel', 'USKA', 5.00, 1, NULL, '2025-01-22 14:29:49', '2025-01-22 14:29:49'),
(37, 1, 'Laptop', 'LAPT', 1200.00, 1, NULL, '2025-01-22 14:30:45', '2025-01-22 14:30:45'),
(38, 2, 'Bureau stoel', 'BUST', 150.00, 1, NULL, '2025-01-22 14:30:45', '2025-01-22 14:30:45'),
(39, 3, 'LED-lamp', 'LELA', 2.50, 1, NULL, '2025-01-22 14:30:45', '2025-01-22 14:30:45'),
(40, 4, 'USB-kabel', 'USKA', 5.00, 1, NULL, '2025-01-22 14:30:45', '2025-01-22 14:30:45'),
(41, 1, 'Laptop', 'LAPT', 1200.00, 1, NULL, '2025-01-22 14:35:58', '2025-01-22 14:35:58'),
(42, 2, 'Bureau stoel', 'BUST', 150.00, 1, NULL, '2025-01-22 14:35:58', '2025-01-22 14:35:58'),
(43, 3, 'LED-lamp', 'LELA', 2.50, 1, NULL, '2025-01-22 14:35:58', '2025-01-22 14:35:58'),
(44, 4, 'USB-kabel', 'USKA', 5.00, 1, NULL, '2025-01-22 14:35:58', '2025-01-22 14:35:58'),
(45, 1, 'Laptop', 'LAPT', 1200.00, 1, NULL, '2025-01-22 14:39:45', '2025-01-22 14:39:45'),
(46, 2, 'Bureau stoel', 'BUST', 150.00, 1, NULL, '2025-01-22 14:39:45', '2025-01-22 14:39:45'),
(47, 3, 'LED-lamp', 'LELA', 2.50, 1, NULL, '2025-01-22 14:39:45', '2025-01-22 14:39:45'),
(48, 4, 'USB-kabel', 'USKA', 5.00, 1, NULL, '2025-01-22 14:39:45', '2025-01-22 14:39:45'),
(49, 1, 'Laptop', 'LAPT', 1200.00, 1, NULL, '2025-01-22 14:44:22', '2025-01-22 14:44:22'),
(50, 2, 'Bureau stoel', 'BUST', 150.00, 1, NULL, '2025-01-22 14:44:22', '2025-01-22 14:44:22'),
(51, 3, 'LED-lamp', 'LELA', 2.50, 1, NULL, '2025-01-22 14:44:22', '2025-01-22 14:44:22'),
(52, 4, 'USB-kabel', 'USKA', 5.00, 1, NULL, '2025-01-22 14:44:22', '2025-01-22 14:44:22'),
(53, 1, 'Laptop', 'LAPT', 1200.00, 1, NULL, '2025-01-22 14:45:32', '2025-01-22 14:45:32'),
(54, 2, 'Bureau stoel', 'BUST', 150.00, 1, NULL, '2025-01-22 14:45:32', '2025-01-22 14:45:32'),
(55, 3, 'LED-lamp', 'LELA', 2.50, 1, NULL, '2025-01-22 14:45:32', '2025-01-22 14:45:32'),
(56, 4, 'USB-kabel', 'USKA', 5.00, 1, NULL, '2025-01-22 14:45:32', '2025-01-22 14:45:32'),
(57, 1, 'Laptop', 'LAPT', 1200.00, 1, NULL, '2025-01-22 14:49:09', '2025-01-22 14:49:09'),
(58, 2, 'Bureau stoel', 'BUST', 150.00, 1, NULL, '2025-01-22 14:49:09', '2025-01-22 14:49:09'),
(59, 3, 'LED-lamp', 'LELA', 2.50, 1, NULL, '2025-01-22 14:49:09', '2025-01-22 14:49:09'),
(60, 4, 'USB-kabel', 'USKA', 5.00, 1, NULL, '2025-01-22 14:49:09', '2025-01-22 14:49:09'),
(61, 1, 'Laptop', 'LAPT', 1200.00, 1, NULL, '2025-01-22 14:50:32', '2025-01-22 14:50:32'),
(62, 2, 'Bureau stoel', 'BUST', 150.00, 1, NULL, '2025-01-22 14:50:32', '2025-01-22 14:50:32'),
(63, 3, 'LED-lamp', 'LELA', 2.50, 1, NULL, '2025-01-22 14:50:32', '2025-01-22 14:50:32'),
(64, 4, 'USB-kabel', 'USKA', 5.00, 1, NULL, '2025-01-22 14:50:32', '2025-01-22 14:50:32'),
(65, 1, 'Laptop', 'LAPT', 1200.00, 1, NULL, '2025-01-22 14:53:36', '2025-01-22 14:53:36'),
(66, 2, 'Bureau stoel', 'BUST', 150.00, 1, NULL, '2025-01-22 14:53:36', '2025-01-22 14:53:36'),
(67, 3, 'LED-lamp', 'LELA', 2.50, 1, NULL, '2025-01-22 14:53:36', '2025-01-22 14:53:36'),
(68, 4, 'USB-kabel', 'USKA', 5.00, 1, NULL, '2025-01-22 14:53:36', '2025-01-22 14:53:36'),
(69, 1, 'Laptop', 'LAPT', 1200.00, 1, NULL, '2025-01-22 14:57:22', '2025-01-22 14:57:22'),
(70, 2, 'Bureau stoel', 'BUST', 150.00, 1, NULL, '2025-01-22 14:57:22', '2025-01-22 14:57:22'),
(71, 3, 'LED-lamp', 'LELA', 2.50, 1, NULL, '2025-01-22 14:57:22', '2025-01-22 14:57:22'),
(72, 4, 'USB-kabel', 'USKA', 5.00, 1, NULL, '2025-01-22 14:57:22', '2025-01-22 14:57:22'),
(73, 1, 'Laptop', 'LAPT', 1200.00, 1, NULL, '2025-01-22 14:57:28', '2025-01-22 14:57:28'),
(74, 2, 'Bureau stoel', 'BUST', 150.00, 1, NULL, '2025-01-22 14:57:28', '2025-01-22 14:57:28'),
(75, 3, 'LED-lamp', 'LELA', 2.50, 1, NULL, '2025-01-22 14:57:28', '2025-01-22 14:57:28'),
(76, 4, 'USB-kabel', 'USKA', 5.00, 1, NULL, '2025-01-22 14:57:28', '2025-01-22 14:57:28'),
(77, 1, 'Laptop', 'LAPT', 1200.00, 1, NULL, '2025-01-22 14:57:39', '2025-01-22 14:57:39'),
(78, 2, 'Bureau stoel', 'BUST', 150.00, 1, NULL, '2025-01-22 14:57:39', '2025-01-22 14:57:39'),
(79, 3, 'LED-lamp', 'LELA', 2.50, 1, NULL, '2025-01-22 14:57:39', '2025-01-22 14:57:39'),
(80, 4, 'USB-kabel', 'USKA', 5.00, 1, NULL, '2025-01-22 14:57:39', '2025-01-22 14:57:39'),
(81, 1, 'Laptop', 'LAPT', 1200.00, 1, NULL, '2025-01-22 14:57:44', '2025-01-22 14:57:44'),
(82, 2, 'Bureau stoel', 'BUST', 150.00, 1, NULL, '2025-01-22 14:57:44', '2025-01-22 14:57:44'),
(83, 3, 'LED-lamp', 'LELA', 2.50, 1, NULL, '2025-01-22 14:57:44', '2025-01-22 14:57:44'),
(84, 4, 'USB-kabel', 'USKA', 5.00, 1, NULL, '2025-01-22 14:57:44', '2025-01-22 14:57:44'),
(85, 1, 'Laptop', 'LAPT', 1200.00, 1, NULL, '2025-01-22 14:57:49', '2025-01-22 14:57:49'),
(86, 2, 'Bureau stoel', 'BUST', 150.00, 1, NULL, '2025-01-22 14:57:49', '2025-01-22 14:57:49'),
(87, 3, 'LED-lamp', 'LELA', 2.50, 1, NULL, '2025-01-22 14:57:49', '2025-01-22 14:57:49'),
(88, 4, 'USB-kabel', 'USKA', 5.00, 1, NULL, '2025-01-22 14:57:49', '2025-01-22 14:57:49'),
(89, 1, 'Laptop', 'LAPT', 1200.00, 1, NULL, '2025-01-22 14:58:02', '2025-01-22 14:58:02'),
(90, 2, 'Bureau stoel', 'BUST', 150.00, 1, NULL, '2025-01-22 14:58:02', '2025-01-22 14:58:02'),
(91, 3, 'LED-lamp', 'LELA', 2.50, 1, NULL, '2025-01-22 14:58:02', '2025-01-22 14:58:02'),
(92, 4, 'USB-kabel', 'USKA', 5.00, 1, NULL, '2025-01-22 14:58:02', '2025-01-22 14:58:02'),
(93, 1, 'Laptop', 'LAPT', 1200.00, 1, NULL, '2025-01-22 14:58:12', '2025-01-22 14:58:12'),
(94, 2, 'Bureau stoel', 'BUST', 150.00, 1, NULL, '2025-01-22 14:58:12', '2025-01-22 14:58:12'),
(95, 3, 'LED-lamp', 'LELA', 2.50, 1, NULL, '2025-01-22 14:58:12', '2025-01-22 14:58:12'),
(96, 4, 'USB-kabel', 'USKA', 5.00, 1, NULL, '2025-01-22 14:58:12', '2025-01-22 14:58:12'),
(97, 1, 'Laptop', 'LAPT', 1200.00, 1, NULL, '2025-01-22 14:58:53', '2025-01-22 14:58:53'),
(98, 2, 'Bureau stoel', 'BUST', 150.00, 1, NULL, '2025-01-22 14:58:53', '2025-01-22 14:58:53'),
(99, 3, 'LED-lamp', 'LELA', 2.50, 1, NULL, '2025-01-22 14:58:53', '2025-01-22 14:58:53'),
(100, 4, 'USB-kabel', 'USKA', 5.00, 1, NULL, '2025-01-22 14:58:53', '2025-01-22 14:58:53'),
(101, 1, 'Laptop', 'LAPT', 1200.00, 1, NULL, '2025-01-22 15:04:14', '2025-01-22 15:04:14'),
(102, 2, 'Bureau stoel', 'BUST', 150.00, 1, NULL, '2025-01-22 15:04:14', '2025-01-22 15:04:14'),
(103, 3, 'LED-lamp', 'LELA', 2.50, 1, NULL, '2025-01-22 15:04:14', '2025-01-22 15:04:14'),
(104, 4, 'USB-kabel', 'USKA', 5.00, 1, NULL, '2025-01-22 15:04:14', '2025-01-22 15:04:14'),
(105, 1, 'Laptop', 'LAPT', 1200.00, 1, NULL, '2025-01-22 15:04:22', '2025-01-22 15:04:22'),
(106, 2, 'Bureau stoel', 'BUST', 150.00, 1, NULL, '2025-01-22 15:04:22', '2025-01-22 15:04:22'),
(107, 3, 'LED-lamp', 'LELA', 2.50, 1, NULL, '2025-01-22 15:04:22', '2025-01-22 15:04:22'),
(108, 4, 'USB-kabel', 'USKA', 5.00, 1, NULL, '2025-01-22 15:04:22', '2025-01-22 15:04:22');

--
-- Beperkingen voor geëxporteerde tabellen
--

--
-- Beperkingen voor tabel `bestelling`
--
ALTER TABLE `bestelling`
  ADD CONSTRAINT `bestelling_ibfk_1` FOREIGN KEY (`KlantId`) REFERENCES `klant` (`Id`),
  ADD CONSTRAINT `bestelling_ibfk_2` FOREIGN KEY (`LeverancierId`) REFERENCES `leverancier` (`Id`);

--
-- Beperkingen voor tabel `bestellingdetails`
--
ALTER TABLE `bestellingdetails`
  ADD CONSTRAINT `bestellingdetails_ibfk_1` FOREIGN KEY (`BestellingId`) REFERENCES `bestelling` (`Id`),
  ADD CONSTRAINT `bestellingdetails_ibfk_2` FOREIGN KEY (`ProductId`) REFERENCES `product` (`Id`);

--
-- Beperkingen voor tabel `product`
--
ALTER TABLE `product`
  ADD CONSTRAINT `product_ibfk_1` FOREIGN KEY (`CategorieId`) REFERENCES `categorie` (`Id`);
--
-- Database: `messages_app`
--
CREATE DATABASE IF NOT EXISTS `messages_app` DEFAULT CHARACTER SET utf8mb4 COLLATE utf8mb4_0900_ai_ci;
USE `messages_app`;

-- --------------------------------------------------------

--
-- Tabelstructuur voor tabel `messages`
--

DROP TABLE IF EXISTS `messages`;
CREATE TABLE IF NOT EXISTS `messages` (
  `id` int NOT NULL AUTO_INCREMENT,
  `title` varchar(255) NOT NULL,
  `content` text NOT NULL,
  `created_at` timestamp NULL DEFAULT CURRENT_TIMESTAMP,
  PRIMARY KEY (`id`)
) ENGINE=MyISAM AUTO_INCREMENT=3 DEFAULT CHARSET=utf8mb4 COLLATE=utf8mb4_0900_ai_ci;

--
-- Gegevens worden geëxporteerd voor tabel `messages`
--

INSERT INTO `messages` (`id`, `title`, `content`, `created_at`) VALUES
(1, 'Test Titel 1', 'Test Inhoud 1', '2024-12-13 14:25:35'),
(2, 'Test Titel 2', 'Test Inhoud 2', '2024-12-13 14:25:35');
--
-- Database: `overzichtjamin`
--
CREATE DATABASE IF NOT EXISTS `overzichtjamin` DEFAULT CHARACTER SET utf8mb4 COLLATE utf8mb4_0900_ai_ci;
USE `overzichtjamin`;

-- --------------------------------------------------------

--
-- Tabelstructuur voor tabel `allergeen`
--

DROP TABLE IF EXISTS `allergeen`;
CREATE TABLE IF NOT EXISTS `allergeen` (
  `Id` int NOT NULL AUTO_INCREMENT,
  `Naam` varchar(255) NOT NULL,
  `Omschrijving` text NOT NULL,
  `IsActief` bit(1) NOT NULL DEFAULT b'1',
  `Opmerking` varchar(255) DEFAULT NULL,
  `DatumAangemaakt` datetime(6) NOT NULL DEFAULT CURRENT_TIMESTAMP(6),
  `DatumGewijzigd` datetime(6) DEFAULT CURRENT_TIMESTAMP(6) ON UPDATE CURRENT_TIMESTAMP(6),
  PRIMARY KEY (`Id`)
) ENGINE=MyISAM AUTO_INCREMENT=6 DEFAULT CHARSET=utf8mb4 COLLATE=utf8mb4_0900_ai_ci;

--
-- Gegevens worden geëxporteerd voor tabel `allergeen`
--

INSERT INTO `allergeen` (`Id`, `Naam`, `Omschrijving`, `IsActief`, `Opmerking`, `DatumAangemaakt`, `DatumGewijzigd`) VALUES
(1, 'Gluten', 'Dit product bevat gluten', b'1', NULL, '2024-12-06 09:30:19.940904', '2024-12-06 09:30:19.940904'),
(2, 'Gelatine', 'Dit product bevat gelatine', b'1', NULL, '2024-12-06 09:30:19.940904', '2024-12-06 09:30:19.940904'),
(3, 'AZO-Kleurstof', 'Dit product bevat AZO-kleurstoffen', b'1', NULL, '2024-12-06 09:30:19.940904', '2024-12-06 09:30:19.940904'),
(4, 'Lactose', 'Dit product bevat lactose', b'1', NULL, '2024-12-06 09:30:19.940904', '2024-12-06 09:30:19.940904'),
(5, 'Soja', 'Dit product bevat soja', b'1', NULL, '2024-12-06 09:30:19.940904', '2024-12-06 09:30:19.940904');

-- --------------------------------------------------------

--
-- Tabelstructuur voor tabel `leverancier`
--

DROP TABLE IF EXISTS `leverancier`;
CREATE TABLE IF NOT EXISTS `leverancier` (
  `Id` int NOT NULL AUTO_INCREMENT,
  `Naam` varchar(255) NOT NULL,
  `ContactPersoon` varchar(255) NOT NULL,
  `LeverancierNummer` varchar(20) NOT NULL,
  `Mobiel` varchar(15) NOT NULL,
  `IsActief` bit(1) NOT NULL DEFAULT b'1',
  `Opmerking` varchar(255) DEFAULT NULL,
  `DatumAangemaakt` datetime(6) NOT NULL DEFAULT CURRENT_TIMESTAMP(6),
  `DatumGewijzigd` datetime(6) DEFAULT CURRENT_TIMESTAMP(6) ON UPDATE CURRENT_TIMESTAMP(6),
  PRIMARY KEY (`Id`)
) ENGINE=MyISAM AUTO_INCREMENT=7 DEFAULT CHARSET=utf8mb4 COLLATE=utf8mb4_0900_ai_ci;

--
-- Gegevens worden geëxporteerd voor tabel `leverancier`
--

INSERT INTO `leverancier` (`Id`, `Naam`, `ContactPersoon`, `LeverancierNummer`, `Mobiel`, `IsActief`, `Opmerking`, `DatumAangemaakt`, `DatumGewijzigd`) VALUES
(1, 'Venco', 'Bert van Linge', 'L1029384719', '06-28493827', b'1', NULL, '2024-12-06 09:30:19.968468', '2024-12-06 09:30:19.968468'),
(2, 'Astra Sweets', 'Jasper del Monte', 'L1029284315', '06-39398734', b'1', NULL, '2024-12-06 09:30:19.968468', '2024-12-06 09:30:19.968468'),
(3, 'Haribo', 'Sven Stalman', 'L1029324748', '06-24383291', b'1', NULL, '2024-12-06 09:30:19.968468', '2024-12-06 09:30:19.968468'),
(4, 'Basset', 'Joyce Stelterberg', 'L1023845773', '06-48293823', b'1', NULL, '2024-12-06 09:30:19.968468', '2024-12-06 09:30:19.968468'),
(5, 'De Bron', 'Remco Veenstra', 'L1023857736', '06-34291234', b'1', NULL, '2024-12-06 09:30:19.968468', '2024-12-06 09:30:19.968468'),
(6, 'Quality Street', 'Johan Nooij', 'L1029234586', '06-23458456', b'1', NULL, '2024-12-06 09:30:19.968468', '2024-12-06 09:30:19.968468');

-- --------------------------------------------------------

--
-- Tabelstructuur voor tabel `magazijn`
--

DROP TABLE IF EXISTS `magazijn`;
CREATE TABLE IF NOT EXISTS `magazijn` (
  `Id` int NOT NULL AUTO_INCREMENT,
  `ProductId` int NOT NULL,
  `VerpakkingsEenheid` decimal(5,2) NOT NULL,
  `AantalAanwezig` int DEFAULT NULL,
  `IsActief` bit(1) NOT NULL DEFAULT b'1',
  `Opmerking` varchar(255) DEFAULT NULL,
  `DatumAangemaakt` datetime(6) NOT NULL DEFAULT CURRENT_TIMESTAMP(6),
  `DatumGewijzigd` datetime(6) DEFAULT CURRENT_TIMESTAMP(6) ON UPDATE CURRENT_TIMESTAMP(6),
  PRIMARY KEY (`Id`),
  KEY `ProductId` (`ProductId`)
) ENGINE=MyISAM AUTO_INCREMENT=14 DEFAULT CHARSET=utf8mb4 COLLATE=utf8mb4_0900_ai_ci;

--
-- Gegevens worden geëxporteerd voor tabel `magazijn`
--

INSERT INTO `magazijn` (`Id`, `ProductId`, `VerpakkingsEenheid`, `AantalAanwezig`, `IsActief`, `Opmerking`, `DatumAangemaakt`, `DatumGewijzigd`) VALUES
(1, 1, 5.00, 578, b'1', NULL, '2024-12-06 09:30:19.997116', '2024-12-06 13:40:47.810236'),
(2, 2, 2.50, 400, b'1', NULL, '2024-12-06 09:30:19.997116', '2024-12-06 09:30:19.997116'),
(3, 3, 5.00, 1, b'1', NULL, '2024-12-06 09:30:19.997116', '2024-12-06 09:30:19.997116'),
(4, 4, 1.00, 800, b'1', NULL, '2024-12-06 09:30:19.997116', '2024-12-06 09:30:19.997116'),
(5, 5, 3.00, 264, b'1', NULL, '2024-12-06 09:30:19.997116', '2024-12-10 18:55:39.087663'),
(6, 6, 2.00, 345, b'1', NULL, '2024-12-06 09:30:19.997116', '2024-12-06 09:30:19.997116'),
(7, 7, 1.00, 795, b'1', NULL, '2024-12-06 09:30:19.997116', '2024-12-06 09:30:19.997116'),
(8, 10, 10.00, 323, b'1', NULL, '2024-12-06 09:30:19.997116', '2024-12-06 12:59:25.875542'),
(9, 9, 2.50, 123, b'1', NULL, '2024-12-06 09:30:19.997116', '2024-12-06 09:30:19.997116'),
(10, 13, 3.00, NULL, b'1', NULL, '2024-12-06 09:30:19.997116', '2024-12-06 09:30:19.997116'),
(11, 11, 2.00, 503, b'1', NULL, '2024-12-06 09:30:19.997116', '2024-12-10 18:55:54.862608'),
(12, 12, 1.00, 467, b'1', NULL, '2024-12-06 09:30:19.997116', '2024-12-06 09:30:19.997116'),
(13, 13, 5.00, 20, b'1', NULL, '2024-12-06 09:30:19.997116', '2024-12-06 09:30:19.997116');

-- --------------------------------------------------------

--
-- Tabelstructuur voor tabel `product`
--

DROP TABLE IF EXISTS `product`;
CREATE TABLE IF NOT EXISTS `product` (
  `Id` int NOT NULL AUTO_INCREMENT,
  `Naam` varchar(255) NOT NULL,
  `Barcode` bigint NOT NULL,
  `IsActief` bit(1) NOT NULL DEFAULT b'1',
  `Opmerking` varchar(255) DEFAULT NULL,
  `DatumAangemaakt` datetime(6) NOT NULL DEFAULT CURRENT_TIMESTAMP(6),
  `DatumGewijzigd` datetime(6) DEFAULT CURRENT_TIMESTAMP(6) ON UPDATE CURRENT_TIMESTAMP(6),
  PRIMARY KEY (`Id`)
) ENGINE=MyISAM AUTO_INCREMENT=14 DEFAULT CHARSET=utf8mb4 COLLATE=utf8mb4_0900_ai_ci;

--
-- Gegevens worden geëxporteerd voor tabel `product`
--

INSERT INTO `product` (`Id`, `Naam`, `Barcode`, `IsActief`, `Opmerking`, `DatumAangemaakt`, `DatumGewijzigd`) VALUES
(1, 'Mintnopjes', 8719587231278, b'1', NULL, '2024-12-06 09:30:20.025319', '2024-12-06 09:30:20.025319'),
(2, 'Schoolkrijt', 8719587326713, b'1', NULL, '2024-12-06 09:30:20.025319', '2024-12-06 09:30:20.025319'),
(3, 'Honingdrop', 8719587327836, b'1', NULL, '2024-12-06 09:30:20.025319', '2024-12-06 09:30:20.025319'),
(4, 'Zure Beren', 8719587321441, b'1', NULL, '2024-12-06 09:30:20.025319', '2024-12-06 09:30:20.025319'),
(5, 'Cola Flesjes', 8719587321237, b'1', NULL, '2024-12-06 09:30:20.025319', '2024-12-06 09:30:20.025319'),
(6, 'Turtles', 8719587322245, b'1', NULL, '2024-12-06 09:30:20.025319', '2024-12-06 09:30:20.025319'),
(7, 'Witte Muizen', 8719587328256, b'1', NULL, '2024-12-06 09:30:20.025319', '2024-12-06 09:30:20.025319'),
(8, 'Reuzen Slangen', 8719587325641, b'1', NULL, '2024-12-06 09:30:20.025319', '2024-12-06 09:30:20.025319'),
(9, 'Zoute Rijen', 8719587322739, b'1', NULL, '2024-12-06 09:30:20.025319', '2024-12-06 09:30:20.025319'),
(10, 'Winegums', 8719587327527, b'0', NULL, '2024-12-06 09:30:20.025319', '2024-12-06 13:02:22.332791'),
(11, 'Drop Munten', 8719587322345, b'1', NULL, '2024-12-06 09:30:20.025319', '2024-12-06 09:30:20.025319'),
(12, 'Kruis Drop', 8719587322265, b'1', NULL, '2024-12-06 09:30:20.025319', '2024-12-06 09:30:20.025319'),
(13, 'Zoute Ruitjes', 8719587323256, b'1', NULL, '2024-12-06 09:30:20.025319', '2024-12-06 09:30:20.025319');

-- --------------------------------------------------------

--
-- Tabelstructuur voor tabel `productperallergeen`
--

DROP TABLE IF EXISTS `productperallergeen`;
CREATE TABLE IF NOT EXISTS `productperallergeen` (
  `Id` int NOT NULL AUTO_INCREMENT,
  `ProductId` int NOT NULL,
  `AllergeenId` int NOT NULL,
  `IsActief` bit(1) NOT NULL DEFAULT b'1',
  `Opmerking` varchar(255) DEFAULT NULL,
  `DatumAangemaakt` datetime(6) NOT NULL DEFAULT CURRENT_TIMESTAMP(6),
  `DatumGewijzigd` datetime(6) DEFAULT CURRENT_TIMESTAMP(6) ON UPDATE CURRENT_TIMESTAMP(6),
  PRIMARY KEY (`Id`),
  KEY `ProductId` (`ProductId`),
  KEY `AllergeenId` (`AllergeenId`)
) ENGINE=MyISAM AUTO_INCREMENT=13 DEFAULT CHARSET=utf8mb4 COLLATE=utf8mb4_0900_ai_ci;

--
-- Gegevens worden geëxporteerd voor tabel `productperallergeen`
--

INSERT INTO `productperallergeen` (`Id`, `ProductId`, `AllergeenId`, `IsActief`, `Opmerking`, `DatumAangemaakt`, `DatumGewijzigd`) VALUES
(1, 1, 2, b'1', NULL, '2024-12-06 09:30:20.052579', '2024-12-06 09:30:20.052579'),
(2, 1, 1, b'1', NULL, '2024-12-06 09:30:20.052579', '2024-12-06 09:30:20.052579'),
(3, 1, 3, b'1', NULL, '2024-12-06 09:30:20.052579', '2024-12-06 09:30:20.052579'),
(4, 1, 4, b'1', NULL, '2024-12-06 09:30:20.052579', '2024-12-06 09:30:20.052579'),
(5, 6, 5, b'1', NULL, '2024-12-06 09:30:20.052579', '2024-12-06 09:30:20.052579'),
(6, 9, 2, b'1', NULL, '2024-12-06 09:30:20.052579', '2024-12-06 09:30:20.052579'),
(7, 9, 5, b'1', NULL, '2024-12-06 09:30:20.052579', '2024-12-06 09:30:20.052579'),
(8, 10, 2, b'1', NULL, '2024-12-06 09:30:20.052579', '2024-12-06 09:30:20.052579'),
(9, 12, 4, b'1', NULL, '2024-12-06 09:30:20.052579', '2024-12-06 09:30:20.052579'),
(10, 13, 1, b'1', NULL, '2024-12-06 09:30:20.052579', '2024-12-06 09:30:20.052579'),
(11, 13, 4, b'1', NULL, '2024-12-06 09:30:20.052579', '2024-12-06 09:30:20.052579'),
(12, 13, 5, b'1', NULL, '2024-12-06 09:30:20.052579', '2024-12-06 09:30:20.052579');

-- --------------------------------------------------------

--
-- Tabelstructuur voor tabel `productperleverancier`
--

DROP TABLE IF EXISTS `productperleverancier`;
CREATE TABLE IF NOT EXISTS `productperleverancier` (
  `Id` int NOT NULL AUTO_INCREMENT,
  `LeverancierId` int NOT NULL,
  `ProductId` int NOT NULL,
  `DatumLevering` date NOT NULL,
  `Aantal` int NOT NULL,
  `DatumEerstVolgendeLevering` date DEFAULT NULL,
  `IsActief` bit(1) NOT NULL DEFAULT b'1',
  `Opmerking` varchar(255) DEFAULT NULL,
  `DatumAangemaakt` datetime(6) NOT NULL DEFAULT CURRENT_TIMESTAMP(6),
  `DatumGewijzigd` datetime(6) DEFAULT CURRENT_TIMESTAMP(6) ON UPDATE CURRENT_TIMESTAMP(6),
  PRIMARY KEY (`Id`),
  KEY `LeverancierId` (`LeverancierId`),
  KEY `ProductId` (`ProductId`)
) ENGINE=MyISAM AUTO_INCREMENT=38 DEFAULT CHARSET=utf8mb4 COLLATE=utf8mb4_0900_ai_ci;

--
-- Gegevens worden geëxporteerd voor tabel `productperleverancier`
--

INSERT INTO `productperleverancier` (`Id`, `LeverancierId`, `ProductId`, `DatumLevering`, `Aantal`, `DatumEerstVolgendeLevering`, `IsActief`, `Opmerking`, `DatumAangemaakt`, `DatumGewijzigd`) VALUES
(1, 1, 1, '2024-12-06', 23, '2024-11-16', b'1', NULL, '2024-12-06 09:30:20.084398', '2024-12-06 11:31:04.687697'),
(3, 1, 2, '2024-11-09', 12, '2024-11-16', b'1', NULL, '2024-12-06 09:30:20.084398', '2024-12-06 09:30:20.084398'),
(4, 1, 3, '2024-11-10', 11, '2024-11-17', b'1', NULL, '2024-12-06 09:30:20.084398', '2024-12-06 09:30:20.084398'),
(5, 2, 4, '2024-11-14', 16, '2024-11-21', b'1', NULL, '2024-12-06 09:30:20.084398', '2024-12-06 09:30:20.084398'),
(6, 2, 4, '2024-11-21', 23, '2024-11-28', b'1', NULL, '2024-12-06 09:30:20.084398', '2024-12-06 09:30:20.084398'),
(7, 2, 5, '2024-11-14', 45, '2024-11-21', b'1', NULL, '2024-12-06 09:30:20.084398', '2024-12-06 09:30:20.084398'),
(8, 2, 6, '2024-11-14', 30, '2024-11-21', b'1', NULL, '2024-12-06 09:30:20.084398', '2024-12-06 09:30:20.084398'),
(9, 3, 7, '2024-11-12', 12, '2024-11-19', b'1', NULL, '2024-12-06 09:30:20.084398', '2024-12-06 09:30:20.084398'),
(10, 3, 7, '2024-11-19', 23, '2024-11-26', b'1', NULL, '2024-12-06 09:30:20.084398', '2024-12-06 09:30:20.084398'),
(11, 3, 8, '2024-11-10', 12, '2024-11-17', b'1', NULL, '2024-12-06 09:30:20.084398', '2024-12-06 09:30:20.084398'),
(12, 3, 9, '2024-11-11', 1, '2024-11-18', b'1', NULL, '2024-12-06 09:30:20.084398', '2024-12-06 09:30:20.084398'),
(13, 4, 10, '2024-11-16', 24, '2024-11-30', b'1', NULL, '2024-12-06 09:30:20.084398', '2024-12-06 09:30:20.084398'),
(14, 5, 11, '2024-11-10', 47, '2024-11-17', b'1', NULL, '2024-12-06 09:30:20.084398', '2024-12-06 09:30:20.084398'),
(15, 5, 11, '2024-11-19', 60, '2024-11-26', b'1', NULL, '2024-12-06 09:30:20.084398', '2024-12-06 09:30:20.084398'),
(16, 5, 12, '2024-11-11', 45, NULL, b'1', NULL, '2024-12-06 09:30:20.084398', '2024-12-06 09:30:20.084398'),
(17, 5, 13, '2024-11-12', 23, NULL, b'1', NULL, '2024-12-06 09:30:20.084398', '2024-12-06 09:30:20.084398'),
(31, 1, 1, '2024-05-29', 25, '2024-05-29', b'1', NULL, '2024-12-06 13:40:47.809474', '2024-12-06 13:40:47.810468'),
(32, 5, 11, '2000-02-02', 20, '2000-02-02', b'1', NULL, '2024-12-10 18:53:35.252186', '2024-12-10 18:53:35.255792'),
(33, 5, 11, '2222-02-22', 20, '2222-02-22', b'1', NULL, '2024-12-10 18:53:49.443835', '2024-12-10 18:53:49.446540'),
(34, 5, 11, '2023-02-22', 23, '2023-02-22', b'1', NULL, '2024-12-10 18:53:58.626584', '2024-12-10 18:53:58.628798'),
(35, 5, 11, '2000-02-02', 50, '2000-02-02', b'1', NULL, '2024-12-10 18:55:11.088070', '2024-12-10 18:55:11.090312'),
(36, 2, 5, '2000-02-02', 30, '2000-02-02', b'1', NULL, '2024-12-10 18:55:39.086347', '2024-12-10 18:55:39.088226'),
(37, 5, 11, '2000-02-02', 23, '2000-02-02', b'1', NULL, '2024-12-10 18:55:54.861088', '2024-12-10 18:55:54.863229');
--
-- Database: `patients`
--
CREATE DATABASE IF NOT EXISTS `patients` DEFAULT CHARACTER SET utf8mb4 COLLATE utf8mb4_0900_ai_ci;
USE `patients`;

-- --------------------------------------------------------

--
-- Tabelstructuur voor tabel `afspraken`
--

DROP TABLE IF EXISTS `afspraken`;
CREATE TABLE IF NOT EXISTS `afspraken` (
  `Id` int NOT NULL AUTO_INCREMENT,
  `PatiëntId` int NOT NULL,
  `MedewerkerId` int NOT NULL,
  `Datum` date NOT NULL,
  `Tijd` time NOT NULL,
  `Status` enum('Bevestigd','Geannuleerd') NOT NULL,
  `Isactief` tinyint(1) NOT NULL DEFAULT '1',
  `Opmerking` text,
  `Datumaangemaakt` timestamp NOT NULL DEFAULT CURRENT_TIMESTAMP,
  `Datumgewijzigd` timestamp NOT NULL DEFAULT CURRENT_TIMESTAMP ON UPDATE CURRENT_TIMESTAMP,
  PRIMARY KEY (`Id`),
  KEY `PatiëntId` (`PatiëntId`),
  KEY `MedewerkerId` (`MedewerkerId`)
) ENGINE=InnoDB DEFAULT CHARSET=utf8mb4 COLLATE=utf8mb4_0900_ai_ci;

-- --------------------------------------------------------

--
-- Tabelstructuur voor tabel `behandeling`
--

DROP TABLE IF EXISTS `behandeling`;
CREATE TABLE IF NOT EXISTS `behandeling` (
  `Id` int NOT NULL AUTO_INCREMENT,
  `MedewerkerId` int NOT NULL,
  `PatiëntId` int NOT NULL,
  `Datum` date NOT NULL,
  `Tijd` time NOT NULL,
  `Behandelingtype` enum('Controles','Vullingen','Gebitsreiniging','Orthodontie','Wortelkanaalbehandelingen') NOT NULL,
  `Omschrijving` text,
  `Kosten` decimal(10,2) NOT NULL,
  `Status` enum('Behandeld','Onbehandeld','Uitgesteld') NOT NULL,
  `Isactief` tinyint(1) NOT NULL DEFAULT '1',
  `Opmerking` text,
  `Datumaangemaakt` timestamp NOT NULL DEFAULT CURRENT_TIMESTAMP,
  `Datumgewijzigd` timestamp NOT NULL DEFAULT CURRENT_TIMESTAMP ON UPDATE CURRENT_TIMESTAMP,
  PRIMARY KEY (`Id`),
  KEY `MedewerkerId` (`MedewerkerId`),
  KEY `PatiëntId` (`PatiëntId`)
) ENGINE=InnoDB DEFAULT CHARSET=utf8mb4 COLLATE=utf8mb4_0900_ai_ci;

-- --------------------------------------------------------

--
-- Tabelstructuur voor tabel `beschikbaarheid`
--

DROP TABLE IF EXISTS `beschikbaarheid`;
CREATE TABLE IF NOT EXISTS `beschikbaarheid` (
  `Id` int NOT NULL AUTO_INCREMENT,
  `MedewerkerId` int NOT NULL,
  `Datumvanaf` date NOT NULL,
  `Datumtotmet` date NOT NULL,
  `Tijdvanaf` time NOT NULL,
  `Tijdtotmet` time NOT NULL,
  `Status` enum('Aanwezig','Afwezig','Verlof','Ziek') NOT NULL,
  `Isactief` tinyint(1) NOT NULL DEFAULT '1',
  `Opmerking` text,
  `Datumaangemaakt` timestamp NOT NULL DEFAULT CURRENT_TIMESTAMP,
  `Datumgewijzigd` timestamp NOT NULL DEFAULT CURRENT_TIMESTAMP ON UPDATE CURRENT_TIMESTAMP,
  PRIMARY KEY (`Id`),
  KEY `MedewerkerId` (`MedewerkerId`)
) ENGINE=InnoDB DEFAULT CHARSET=utf8mb4 COLLATE=utf8mb4_0900_ai_ci;

-- --------------------------------------------------------

--
-- Tabelstructuur voor tabel `communicatie`
--

DROP TABLE IF EXISTS `communicatie`;
CREATE TABLE IF NOT EXISTS `communicatie` (
  `Id` int NOT NULL AUTO_INCREMENT,
  `PatiëntId` int NOT NULL,
  `MedewerkerId` int NOT NULL,
  `Bericht` text NOT NULL,
  `VerzondenDatum` timestamp NOT NULL DEFAULT CURRENT_TIMESTAMP,
  `Isactief` tinyint(1) NOT NULL DEFAULT '1',
  `Opmerking` text,
  `Datumaangemaakt` timestamp NOT NULL DEFAULT CURRENT_TIMESTAMP,
  `Datumgewijzigd` timestamp NOT NULL DEFAULT CURRENT_TIMESTAMP ON UPDATE CURRENT_TIMESTAMP,
  PRIMARY KEY (`Id`),
  KEY `PatiëntId` (`PatiëntId`),
  KEY `MedewerkerId` (`MedewerkerId`)
) ENGINE=InnoDB DEFAULT CHARSET=utf8mb4 COLLATE=utf8mb4_0900_ai_ci;

-- --------------------------------------------------------

--
-- Tabelstructuur voor tabel `contact`
--

DROP TABLE IF EXISTS `contact`;
CREATE TABLE IF NOT EXISTS `contact` (
  `Id` int NOT NULL AUTO_INCREMENT,
  `PatiëntId` int NOT NULL,
  `Straatnaam` varchar(100) NOT NULL,
  `Huisnummer` varchar(10) NOT NULL,
  `Toevoeging` varchar(10) DEFAULT NULL,
  `Postcode` varchar(10) NOT NULL,
  `Plaats` varchar(100) NOT NULL,
  `Mobiel` varchar(15) DEFAULT NULL,
  `Email` varchar(100) DEFAULT NULL,
  `IsActief` tinyint(1) NOT NULL DEFAULT '1',
  `Opmerking` text,
  `DatumAangemaakt` timestamp NOT NULL DEFAULT CURRENT_TIMESTAMP,
  `DatumGewijzigd` timestamp NOT NULL DEFAULT CURRENT_TIMESTAMP ON UPDATE CURRENT_TIMESTAMP,
  PRIMARY KEY (`Id`),
  KEY `PatiëntId` (`PatiëntId`)
) ENGINE=InnoDB DEFAULT CHARSET=utf8mb4 COLLATE=utf8mb4_0900_ai_ci;

-- --------------------------------------------------------

--
-- Tabelstructuur voor tabel `contact_messages`
--

DROP TABLE IF EXISTS `contact_messages`;
CREATE TABLE IF NOT EXISTS `contact_messages` (
  `id` int NOT NULL AUTO_INCREMENT,
  `first_name` varchar(100) NOT NULL,
  `middle_name` varchar(50) DEFAULT NULL,
  `last_name` varchar(100) NOT NULL,
  `email` varchar(255) NOT NULL,
  `phone` varchar(15) DEFAULT NULL,
  `street` varchar(255) NOT NULL,
  `house_number` varchar(10) NOT NULL,
  `postal_code` varchar(20) NOT NULL,
  `city` varchar(100) NOT NULL,
  `message` text NOT NULL,
  `patient_id` varchar(50) DEFAULT NULL,
  `file_path` varchar(255) DEFAULT NULL,
  `privacy_policy` tinyint(1) NOT NULL,
  `created_at` timestamp NULL DEFAULT CURRENT_TIMESTAMP,
  PRIMARY KEY (`id`)
) ENGINE=MyISAM DEFAULT CHARSET=utf8mb4 COLLATE=utf8mb4_0900_ai_ci;

-- --------------------------------------------------------

--
-- Tabelstructuur voor tabel `factuur`
--

DROP TABLE IF EXISTS `factuur`;
CREATE TABLE IF NOT EXISTS `factuur` (
  `Id` int NOT NULL AUTO_INCREMENT,
  `PatiëntId` int NOT NULL,
  `BehandelingId` int NOT NULL,
  `Nummer` varchar(50) NOT NULL,
  `Datum` date NOT NULL,
  `Bedrag` decimal(10,2) NOT NULL,
  `Status` enum('Verzonden','Niet-Verzonden','Betaald','Onbetaald') NOT NULL,
  `Isactief` tinyint(1) NOT NULL DEFAULT '1',
  `Opmerking` text,
  `Datumaangemaakt` timestamp NOT NULL DEFAULT CURRENT_TIMESTAMP,
  `Datumgewijzigd` timestamp NOT NULL DEFAULT CURRENT_TIMESTAMP ON UPDATE CURRENT_TIMESTAMP,
  PRIMARY KEY (`Id`),
  KEY `PatiëntId` (`PatiëntId`),
  KEY `BehandelingId` (`BehandelingId`)
) ENGINE=InnoDB DEFAULT CHARSET=utf8mb4 COLLATE=utf8mb4_0900_ai_ci;

-- --------------------------------------------------------

--
-- Tabelstructuur voor tabel `feedback`
--

DROP TABLE IF EXISTS `feedback`;
CREATE TABLE IF NOT EXISTS `feedback` (
  `Id` int NOT NULL AUTO_INCREMENT,
  `PatiëntId` int NOT NULL,
  `Beoordeling` tinyint(1) NOT NULL,
  `praktijkEmail` varchar(100) NOT NULL,
  `praktijkTelefoon` varchar(20) NOT NULL,
  `Isactief` tinyint(1) NOT NULL DEFAULT '1',
  `Opmerking` text,
  `Datumaangemaakt` timestamp NOT NULL DEFAULT CURRENT_TIMESTAMP,
  `Datumgewijzigd` timestamp NOT NULL DEFAULT CURRENT_TIMESTAMP ON UPDATE CURRENT_TIMESTAMP,
  PRIMARY KEY (`Id`),
  KEY `PatiëntId` (`PatiëntId`)
) ENGINE=InnoDB DEFAULT CHARSET=utf8mb4 COLLATE=utf8mb4_0900_ai_ci;

-- --------------------------------------------------------

--
-- Tabelstructuur voor tabel `gebruiker`
--

DROP TABLE IF EXISTS `gebruiker`;
CREATE TABLE IF NOT EXISTS `gebruiker` (
  `Id` int NOT NULL AUTO_INCREMENT,
  `PersoonId` int NOT NULL,
  `Gebruikersnaam` varchar(50) NOT NULL,
  `Wachtwoord` varchar(255) NOT NULL,
  `IsIngelogd` tinyint(1) NOT NULL DEFAULT '0',
  `Ingelogd` timestamp NULL DEFAULT NULL,
  `Uitgelogd` timestamp NULL DEFAULT NULL,
  `Isactief` tinyint(1) NOT NULL DEFAULT '1',
  `Opmerking` text,
  `Datumaangemaakt` timestamp NOT NULL DEFAULT CURRENT_TIMESTAMP,
  `Datumgewijzigd` timestamp NOT NULL DEFAULT CURRENT_TIMESTAMP ON UPDATE CURRENT_TIMESTAMP,
  PRIMARY KEY (`Id`),
  KEY `PersoonId` (`PersoonId`)
) ENGINE=InnoDB DEFAULT CHARSET=utf8mb4 COLLATE=utf8mb4_0900_ai_ci;

-- --------------------------------------------------------

--
-- Tabelstructuur voor tabel `medewerker`
--

DROP TABLE IF EXISTS `medewerker`;
CREATE TABLE IF NOT EXISTS `medewerker` (
  `Id` int NOT NULL AUTO_INCREMENT,
  `PersoonId` int NOT NULL,
  `Nummer` varchar(50) NOT NULL,
  `Medewerkertype` enum('Assistent','Mondhygiënist','Tandarts','Praktijkmanagement') NOT NULL,
  `Specialisatie` varchar(100) DEFAULT NULL,
  `Beschikbaarheid` text,
  `Isactief` tinyint(1) NOT NULL DEFAULT '1',
  `Opmerking` text,
  `Datumaangemaakt` timestamp NOT NULL DEFAULT CURRENT_TIMESTAMP,
  `Datumgewijzigd` timestamp NOT NULL DEFAULT CURRENT_TIMESTAMP ON UPDATE CURRENT_TIMESTAMP,
  PRIMARY KEY (`Id`),
  KEY `PersoonId` (`PersoonId`)
) ENGINE=InnoDB DEFAULT CHARSET=utf8mb4 COLLATE=utf8mb4_0900_ai_ci;

-- --------------------------------------------------------

--
-- Tabelstructuur voor tabel `messages`
--

DROP TABLE IF EXISTS `messages`;
CREATE TABLE IF NOT EXISTS `messages` (
  `id` int NOT NULL AUTO_INCREMENT,
  `patient_id` int NOT NULL,
  `first_name` varchar(50) NOT NULL,
  `middle_name` varchar(50) DEFAULT NULL,
  `last_name` varchar(50) NOT NULL,
  `email` varchar(100) NOT NULL,
  `phone` varchar(15) DEFAULT NULL,
  `message` text NOT NULL,
  `created_at` datetime DEFAULT CURRENT_TIMESTAMP,
  PRIMARY KEY (`id`),
  KEY `fk_messages_patient_id` (`patient_id`)
) ENGINE=MyISAM AUTO_INCREMENT=84 DEFAULT CHARSET=utf8mb4 COLLATE=utf8mb4_0900_ai_ci;

--
-- Gegevens worden geëxporteerd voor tabel `messages`
--

INSERT INTO `messages` (`id`, `patient_id`, `first_name`, `middle_name`, `last_name`, `email`, `phone`, `message`, `created_at`) VALUES
(82, 0, 'zaka', NULL, 'ef2e2', 'Wwefadkawdkawdk@gmail.com', NULL, 'awdjnjwda', '2025-01-28 11:49:38'),
(74, 0, 'zakaria', NULL, '2e2', 'zakaria.el.bakkali.2006@gmail.com', NULL, 'dwa', '2025-01-27 18:35:36');

-- --------------------------------------------------------

--
-- Tabelstructuur voor tabel `patiënt`
--

DROP TABLE IF EXISTS `patiënt`;
CREATE TABLE IF NOT EXISTS `patiënt` (
  `Id` int NOT NULL AUTO_INCREMENT,
  `PersoonId` int NOT NULL,
  `Nummer` varchar(50) NOT NULL,
  `MedischDossier` text,
  `Isactief` tinyint(1) NOT NULL DEFAULT '1',
  `Opmerking` text,
  `Datumaangemaakt` timestamp NOT NULL DEFAULT CURRENT_TIMESTAMP,
  `Datumgewijzigd` timestamp NOT NULL DEFAULT CURRENT_TIMESTAMP ON UPDATE CURRENT_TIMESTAMP,
  PRIMARY KEY (`Id`),
  KEY `PersoonId` (`PersoonId`)
) ENGINE=InnoDB DEFAULT CHARSET=utf8mb4 COLLATE=utf8mb4_0900_ai_ci;

-- --------------------------------------------------------

--
-- Tabelstructuur voor tabel `persoon`
--

DROP TABLE IF EXISTS `persoon`;
CREATE TABLE IF NOT EXISTS `persoon` (
  `Id` int NOT NULL AUTO_INCREMENT,
  `Voornaam` varchar(100) NOT NULL,
  `Tussenvoegsel` varchar(50) DEFAULT NULL,
  `Achternaam` varchar(100) NOT NULL,
  `Geboortedatum` date NOT NULL,
  `Isactief` tinyint(1) NOT NULL DEFAULT '1',
  `Opmerking` text,
  `Datumaangemaakt` timestamp NOT NULL DEFAULT CURRENT_TIMESTAMP,
  `Datumgewijzigd` timestamp NOT NULL DEFAULT CURRENT_TIMESTAMP ON UPDATE CURRENT_TIMESTAMP,
  PRIMARY KEY (`Id`)
) ENGINE=InnoDB DEFAULT CHARSET=utf8mb4 COLLATE=utf8mb4_0900_ai_ci;

-- --------------------------------------------------------

--
-- Tabelstructuur voor tabel `rol`
--

DROP TABLE IF EXISTS `rol`;
CREATE TABLE IF NOT EXISTS `rol` (
  `Id` int NOT NULL AUTO_INCREMENT,
  `GebruikerId` int NOT NULL,
  `Naam` varchar(50) NOT NULL,
  `Isactief` tinyint(1) NOT NULL DEFAULT '1',
  `Opmerking` text,
  `Datumaangemaakt` timestamp NOT NULL DEFAULT CURRENT_TIMESTAMP,
  `Datumgewijzigd` timestamp NOT NULL DEFAULT CURRENT_TIMESTAMP ON UPDATE CURRENT_TIMESTAMP,
  PRIMARY KEY (`Id`),
  KEY `GebruikerId` (`GebruikerId`)
) ENGINE=InnoDB DEFAULT CHARSET=utf8mb4 COLLATE=utf8mb4_0900_ai_ci;

--
-- Beperkingen voor geëxporteerde tabellen
--

--
-- Beperkingen voor tabel `afspraken`
--
ALTER TABLE `afspraken`
  ADD CONSTRAINT `afspraken_ibfk_1` FOREIGN KEY (`PatiëntId`) REFERENCES `patiënt` (`Id`) ON DELETE CASCADE,
  ADD CONSTRAINT `afspraken_ibfk_2` FOREIGN KEY (`MedewerkerId`) REFERENCES `medewerker` (`Id`) ON DELETE CASCADE;

--
-- Beperkingen voor tabel `behandeling`
--
ALTER TABLE `behandeling`
  ADD CONSTRAINT `behandeling_ibfk_1` FOREIGN KEY (`MedewerkerId`) REFERENCES `medewerker` (`Id`) ON DELETE CASCADE,
  ADD CONSTRAINT `behandeling_ibfk_2` FOREIGN KEY (`PatiëntId`) REFERENCES `patiënt` (`Id`) ON DELETE CASCADE;

--
-- Beperkingen voor tabel `beschikbaarheid`
--
ALTER TABLE `beschikbaarheid`
  ADD CONSTRAINT `beschikbaarheid_ibfk_1` FOREIGN KEY (`MedewerkerId`) REFERENCES `medewerker` (`Id`) ON DELETE CASCADE;

--
-- Beperkingen voor tabel `communicatie`
--
ALTER TABLE `communicatie`
  ADD CONSTRAINT `communicatie_ibfk_1` FOREIGN KEY (`PatiëntId`) REFERENCES `patiënt` (`Id`) ON DELETE CASCADE,
  ADD CONSTRAINT `communicatie_ibfk_2` FOREIGN KEY (`MedewerkerId`) REFERENCES `medewerker` (`Id`) ON DELETE CASCADE;

--
-- Beperkingen voor tabel `contact`
--
ALTER TABLE `contact`
  ADD CONSTRAINT `contact_ibfk_1` FOREIGN KEY (`PatiëntId`) REFERENCES `patiënt` (`Id`) ON DELETE CASCADE;

--
-- Beperkingen voor tabel `factuur`
--
ALTER TABLE `factuur`
  ADD CONSTRAINT `factuur_ibfk_1` FOREIGN KEY (`PatiëntId`) REFERENCES `patiënt` (`Id`) ON DELETE CASCADE,
  ADD CONSTRAINT `factuur_ibfk_2` FOREIGN KEY (`BehandelingId`) REFERENCES `behandeling` (`Id`) ON DELETE CASCADE;

--
-- Beperkingen voor tabel `feedback`
--
ALTER TABLE `feedback`
  ADD CONSTRAINT `feedback_ibfk_1` FOREIGN KEY (`PatiëntId`) REFERENCES `patiënt` (`Id`) ON DELETE CASCADE;

--
-- Beperkingen voor tabel `gebruiker`
--
ALTER TABLE `gebruiker`
  ADD CONSTRAINT `gebruiker_ibfk_1` FOREIGN KEY (`PersoonId`) REFERENCES `persoon` (`Id`) ON DELETE CASCADE;

--
-- Beperkingen voor tabel `medewerker`
--
ALTER TABLE `medewerker`
  ADD CONSTRAINT `medewerker_ibfk_1` FOREIGN KEY (`PersoonId`) REFERENCES `persoon` (`Id`) ON DELETE CASCADE;

--
-- Beperkingen voor tabel `patiënt`
--
ALTER TABLE `patiënt`
  ADD CONSTRAINT `patiënt_ibfk_1` FOREIGN KEY (`PersoonId`) REFERENCES `persoon` (`Id`) ON DELETE CASCADE;

--
-- Beperkingen voor tabel `rol`
--
ALTER TABLE `rol`
  ADD CONSTRAINT `rol_ibfk_1` FOREIGN KEY (`GebruikerId`) REFERENCES `gebruiker` (`Id`) ON DELETE CASCADE;
--
-- Database: `periode2`
--
CREATE DATABASE IF NOT EXISTS `periode2` DEFAULT CHARACTER SET utf8mb4 COLLATE utf8mb4_0900_ai_ci;
USE `periode2`;

-- --------------------------------------------------------

--
-- Tabelstructuur voor tabel `afspraken`
--

DROP TABLE IF EXISTS `afspraken`;
CREATE TABLE IF NOT EXISTS `afspraken` (
  `id` int NOT NULL AUTO_INCREMENT,
  `patientid` int NOT NULL,
  `medewerkerid` int NOT NULL,
  `datum` date NOT NULL,
  `tijd` time NOT NULL,
  `status` enum('Bevestigd','Geannuleerd') NOT NULL,
  `isactief` tinyint(1) DEFAULT '1',
  `opmerking` text,
  `datumaangemaakt` timestamp NULL DEFAULT CURRENT_TIMESTAMP,
  `datumgewijzigd` timestamp NULL DEFAULT CURRENT_TIMESTAMP ON UPDATE CURRENT_TIMESTAMP,
  PRIMARY KEY (`id`),
  KEY `patientid` (`patientid`),
  KEY `medewerkerid` (`medewerkerid`)
) ENGINE=MyISAM DEFAULT CHARSET=utf8mb4 COLLATE=utf8mb4_0900_ai_ci;

-- --------------------------------------------------------

--
-- Tabelstructuur voor tabel `behandeling`
--

DROP TABLE IF EXISTS `behandeling`;
CREATE TABLE IF NOT EXISTS `behandeling` (
  `id` int NOT NULL AUTO_INCREMENT,
  `medewerkerid` int NOT NULL,
  `patientid` int NOT NULL,
  `datum` date NOT NULL,
  `tijd` time NOT NULL,
  `behandelingtype` enum('Controles','Vullingen','Gebitsreiniging','Orthodontie','Wortelkanaalbehandelingen') NOT NULL,
  `omschrijving` text,
  `kosten` decimal(10,2) DEFAULT NULL,
  `status` enum('Behandeld','Onbehandeld','Uitgesteld') NOT NULL,
  `isactief` tinyint(1) DEFAULT '1',
  `opmerking` text,
  `datumaangemaakt` timestamp NULL DEFAULT CURRENT_TIMESTAMP,
  `datumgewijzigd` timestamp NULL DEFAULT CURRENT_TIMESTAMP ON UPDATE CURRENT_TIMESTAMP,
  PRIMARY KEY (`id`),
  KEY `medewerkerid` (`medewerkerid`),
  KEY `patientid` (`patientid`)
) ENGINE=MyISAM DEFAULT CHARSET=utf8mb4 COLLATE=utf8mb4_0900_ai_ci;

-- --------------------------------------------------------

--
-- Tabelstructuur voor tabel `beschikbaarheid`
--

DROP TABLE IF EXISTS `beschikbaarheid`;
CREATE TABLE IF NOT EXISTS `beschikbaarheid` (
  `id` int NOT NULL AUTO_INCREMENT,
  `medewerkerid` int NOT NULL,
  `datumvanaf` date NOT NULL,
  `datumtotmet` date NOT NULL,
  `tijdvanaf` time NOT NULL,
  `tijdtotmet` time NOT NULL,
  `status` enum('Aanwezig','Afwezig','Verlof','Ziek') NOT NULL,
  `isactief` tinyint(1) DEFAULT '1',
  `opmerking` text,
  `datumaangemaakt` timestamp NULL DEFAULT CURRENT_TIMESTAMP,
  `datumgewijzigd` timestamp NULL DEFAULT CURRENT_TIMESTAMP ON UPDATE CURRENT_TIMESTAMP,
  PRIMARY KEY (`id`),
  KEY `medewerkerid` (`medewerkerid`)
) ENGINE=MyISAM DEFAULT CHARSET=utf8mb4 COLLATE=utf8mb4_0900_ai_ci;

-- --------------------------------------------------------

--
-- Tabelstructuur voor tabel `communicatie`
--

DROP TABLE IF EXISTS `communicatie`;
CREATE TABLE IF NOT EXISTS `communicatie` (
  `id` int NOT NULL AUTO_INCREMENT,
  `patientid` int NOT NULL,
  `medewerkerid` int NOT NULL,
  `bericht` text NOT NULL,
  `verzondenDatum` timestamp NULL DEFAULT CURRENT_TIMESTAMP,
  `isactief` tinyint(1) DEFAULT '1',
  `opmerking` text,
  `datumaangemaakt` timestamp NULL DEFAULT CURRENT_TIMESTAMP,
  `datumgewijzigd` timestamp NULL DEFAULT CURRENT_TIMESTAMP ON UPDATE CURRENT_TIMESTAMP,
  PRIMARY KEY (`id`),
  KEY `patientid` (`patientid`),
  KEY `medewerkerid` (`medewerkerid`)
) ENGINE=MyISAM DEFAULT CHARSET=utf8mb4 COLLATE=utf8mb4_0900_ai_ci;

-- --------------------------------------------------------

--
-- Tabelstructuur voor tabel `contact`
--

DROP TABLE IF EXISTS `contact`;
CREATE TABLE IF NOT EXISTS `contact` (
  `id` int NOT NULL AUTO_INCREMENT,
  `patientid` int NOT NULL,
  `straatnaam` varchar(100) NOT NULL,
  `huisnummer` varchar(50) NOT NULL,
  `toevoeging` varchar(50) DEFAULT NULL,
  `postcode` varchar(20) DEFAULT NULL,
  `plaats` varchar(100) DEFAULT NULL,
  `mobiel` varchar(20) DEFAULT NULL,
  `email` varchar(100) DEFAULT NULL,
  `isactief` tinyint(1) DEFAULT '1',
  `opmerking` text,
  `datumaangemaakt` timestamp NULL DEFAULT CURRENT_TIMESTAMP,
  `datumgewijzigd` timestamp NULL DEFAULT CURRENT_TIMESTAMP ON UPDATE CURRENT_TIMESTAMP,
  PRIMARY KEY (`id`),
  KEY `patientid` (`patientid`)
) ENGINE=MyISAM DEFAULT CHARSET=utf8mb4 COLLATE=utf8mb4_0900_ai_ci;

-- --------------------------------------------------------

--
-- Tabelstructuur voor tabel `factuur`
--

DROP TABLE IF EXISTS `factuur`;
CREATE TABLE IF NOT EXISTS `factuur` (
  `id` int NOT NULL AUTO_INCREMENT,
  `patientid` int NOT NULL,
  `behandelingid` int NOT NULL,
  `nummer` varchar(100) NOT NULL,
  `datum` date NOT NULL,
  `bedrag` decimal(10,2) DEFAULT NULL,
  `status` enum('Verzonden','Niet-Verzonden','Betaald','Onbetaald') NOT NULL,
  `isactief` tinyint(1) DEFAULT '1',
  `opmerking` text,
  `datumaangemaakt` timestamp NULL DEFAULT CURRENT_TIMESTAMP,
  `datumgewijzigd` timestamp NULL DEFAULT CURRENT_TIMESTAMP ON UPDATE CURRENT_TIMESTAMP,
  PRIMARY KEY (`id`),
  UNIQUE KEY `nummer` (`nummer`),
  KEY `patientid` (`patientid`),
  KEY `behandelingid` (`behandelingid`)
) ENGINE=MyISAM DEFAULT CHARSET=utf8mb4 COLLATE=utf8mb4_0900_ai_ci;

-- --------------------------------------------------------

--
-- Tabelstructuur voor tabel `feedback`
--

DROP TABLE IF EXISTS `feedback`;
CREATE TABLE IF NOT EXISTS `feedback` (
  `id` int NOT NULL AUTO_INCREMENT,
  `patientid` int NOT NULL,
  `beoordeling` enum('1','2','3','4','5') NOT NULL,
  `praktijkemail` varchar(100) DEFAULT NULL,
  `praktijktelefoon` varchar(20) DEFAULT NULL,
  `isactief` tinyint(1) DEFAULT '1',
  `opmerking` text,
  `datumaangemaakt` timestamp NULL DEFAULT CURRENT_TIMESTAMP,
  `datumgewijzigd` timestamp NULL DEFAULT CURRENT_TIMESTAMP ON UPDATE CURRENT_TIMESTAMP,
  PRIMARY KEY (`id`),
  KEY `patientid` (`patientid`)
) ENGINE=MyISAM DEFAULT CHARSET=utf8mb4 COLLATE=utf8mb4_0900_ai_ci;

-- --------------------------------------------------------

--
-- Tabelstructuur voor tabel `gebruiker`
--

DROP TABLE IF EXISTS `gebruiker`;
CREATE TABLE IF NOT EXISTS `gebruiker` (
  `id` int NOT NULL AUTO_INCREMENT,
  `persoonid` int NOT NULL,
  `gebruikersnaam` varchar(100) NOT NULL,
  `wachtwoord` varchar(255) NOT NULL,
  `isingelogd` tinyint(1) DEFAULT '0',
  `ingelogd` timestamp NULL DEFAULT NULL,
  `uitgelogd` timestamp NULL DEFAULT NULL,
  `isactief` tinyint(1) DEFAULT '1',
  `opmerking` text,
  `datumaangemaakt` timestamp NULL DEFAULT CURRENT_TIMESTAMP,
  `datumgewijzigd` timestamp NULL DEFAULT CURRENT_TIMESTAMP ON UPDATE CURRENT_TIMESTAMP,
  PRIMARY KEY (`id`),
  UNIQUE KEY `gebruikersnaam` (`gebruikersnaam`),
  KEY `persoonid` (`persoonid`)
) ENGINE=MyISAM DEFAULT CHARSET=utf8mb4 COLLATE=utf8mb4_0900_ai_ci;

-- --------------------------------------------------------

--
-- Tabelstructuur voor tabel `medewerker`
--

DROP TABLE IF EXISTS `medewerker`;
CREATE TABLE IF NOT EXISTS `medewerker` (
  `id` int NOT NULL AUTO_INCREMENT,
  `persoonid` int NOT NULL,
  `nummer` varchar(100) NOT NULL,
  `medewerkertype` enum('Assistent','Mondhygiënist','Tandarts','Praktijkmanagement') NOT NULL,
  `specialisatie` varchar(255) DEFAULT NULL,
  `beschikbaarheid` text,
  `isactief` tinyint(1) DEFAULT '1',
  `opmerking` text,
  `datumaangemaakt` timestamp NULL DEFAULT CURRENT_TIMESTAMP,
  `datumgewijzigd` timestamp NULL DEFAULT CURRENT_TIMESTAMP ON UPDATE CURRENT_TIMESTAMP,
  PRIMARY KEY (`id`),
  UNIQUE KEY `nummer` (`nummer`),
  KEY `persoonid` (`persoonid`)
) ENGINE=MyISAM DEFAULT CHARSET=utf8mb4 COLLATE=utf8mb4_0900_ai_ci;

-- --------------------------------------------------------

--
-- Tabelstructuur voor tabel `patient`
--

DROP TABLE IF EXISTS `patient`;
CREATE TABLE IF NOT EXISTS `patient` (
  `id` int NOT NULL AUTO_INCREMENT,
  `persoonid` int NOT NULL,
  `nummer` varchar(100) NOT NULL,
  `medischdossier` text,
  `isactief` tinyint(1) DEFAULT '1',
  `opmerking` text,
  `datumaangemaakt` timestamp NULL DEFAULT CURRENT_TIMESTAMP,
  `datumgewijzigd` timestamp NULL DEFAULT CURRENT_TIMESTAMP ON UPDATE CURRENT_TIMESTAMP,
  PRIMARY KEY (`id`),
  UNIQUE KEY `nummer` (`nummer`),
  KEY `persoonid` (`persoonid`)
) ENGINE=MyISAM DEFAULT CHARSET=utf8mb4 COLLATE=utf8mb4_0900_ai_ci;

-- --------------------------------------------------------

--
-- Tabelstructuur voor tabel `persoon`
--

DROP TABLE IF EXISTS `persoon`;
CREATE TABLE IF NOT EXISTS `persoon` (
  `id` int NOT NULL AUTO_INCREMENT,
  `voornaam` varchar(255) NOT NULL,
  `tussenvoegsel` varchar(50) DEFAULT NULL,
  `achternaam` varchar(255) NOT NULL,
  `geboortedatum` date NOT NULL,
  `isactief` tinyint(1) DEFAULT '1',
  `opmerking` text,
  `datumaangemaakt` timestamp NULL DEFAULT CURRENT_TIMESTAMP,
  `datumgewijzigd` timestamp NULL DEFAULT CURRENT_TIMESTAMP ON UPDATE CURRENT_TIMESTAMP,
  PRIMARY KEY (`id`)
) ENGINE=MyISAM AUTO_INCREMENT=2 DEFAULT CHARSET=utf8mb4 COLLATE=utf8mb4_0900_ai_ci;

-- --------------------------------------------------------

--
-- Tabelstructuur voor tabel `rol`
--

DROP TABLE IF EXISTS `rol`;
CREATE TABLE IF NOT EXISTS `rol` (
  `id` int NOT NULL AUTO_INCREMENT,
  `gebruikerid` int NOT NULL,
  `naam` varchar(100) NOT NULL,
  `isactief` tinyint(1) DEFAULT '1',
  `opmerking` text,
  `datumaangemaakt` timestamp NULL DEFAULT CURRENT_TIMESTAMP,
  `datumgewijzigd` timestamp NULL DEFAULT CURRENT_TIMESTAMP ON UPDATE CURRENT_TIMESTAMP,
  PRIMARY KEY (`id`),
  KEY `gebruikerid` (`gebruikerid`)
) ENGINE=MyISAM DEFAULT CHARSET=utf8mb4 COLLATE=utf8mb4_0900_ai_ci;
--
-- Database: `projectp3`
--
CREATE DATABASE IF NOT EXISTS `projectp3` DEFAULT CHARACTER SET utf8mb4 COLLATE utf8mb4_0900_ai_ci;
USE `projectp3`;

-- --------------------------------------------------------

--
-- Tabelstructuur voor tabel `persoon`
--

DROP TABLE IF EXISTS `persoon`;
CREATE TABLE IF NOT EXISTS `persoon` (
  `Id` int NOT NULL AUTO_INCREMENT,
  `Voornaam` varchar(255) DEFAULT NULL,
  `Tussenvoegsel` varchar(255) DEFAULT NULL,
  `Achternaam` varchar(255) DEFAULT NULL,
  `Geboortedatum` date DEFAULT NULL,
  `Paspoortgegevens` text,
  `Isactief` tinyint(1) DEFAULT '1',
  `Opmerking` text,
  `Datumaangemaakt` timestamp NULL DEFAULT CURRENT_TIMESTAMP,
  `Datumgewijzigd` timestamp NULL DEFAULT CURRENT_TIMESTAMP ON UPDATE CURRENT_TIMESTAMP,
  PRIMARY KEY (`Id`)
) ENGINE=MyISAM DEFAULT CHARSET=utf8mb4 COLLATE=utf8mb4_0900_ai_ci;
--
-- Database: `ticketdb`
--
CREATE DATABASE IF NOT EXISTS `ticketdb` DEFAULT CHARACTER SET utf8mb4 COLLATE utf8mb4_unicode_ci;
USE `ticketdb`;

-- --------------------------------------------------------

--
-- Tabelstructuur voor tabel `bestemming`
--

DROP TABLE IF EXISTS `bestemming`;
CREATE TABLE IF NOT EXISTS `bestemming` (
  `Id` int NOT NULL AUTO_INCREMENT,
  `Land` varchar(50) COLLATE utf8mb4_unicode_ci DEFAULT NULL,
  `Luchthaven` varchar(50) COLLATE utf8mb4_unicode_ci DEFAULT NULL,
  `IsActief` bit(1) DEFAULT b'1',
  `Opmerking` varchar(255) COLLATE utf8mb4_unicode_ci DEFAULT NULL,
  `AangemaaktDatum` timestamp(6) NULL DEFAULT CURRENT_TIMESTAMP(6),
  `GewijzigdDatum` timestamp(6) NULL DEFAULT CURRENT_TIMESTAMP(6) ON UPDATE CURRENT_TIMESTAMP(6),
  PRIMARY KEY (`Id`)
) ENGINE=InnoDB AUTO_INCREMENT=6 DEFAULT CHARSET=utf8mb4 COLLATE=utf8mb4_unicode_ci;

--
-- Gegevens worden geëxporteerd voor tabel `bestemming`
--

INSERT INTO `bestemming` (`Id`, `Land`, `Luchthaven`, `IsActief`, `Opmerking`, `AangemaaktDatum`, `GewijzigdDatum`) VALUES
(1, 'Nederland', 'Amsterdam', b'1', 'Schiphol', '2025-01-22 14:02:55.019562', '2025-01-22 14:02:55.019562'),
(2, 'Engeland', 'London', b'1', 'Heathrow', '2025-01-22 14:02:55.019562', '2025-01-22 14:02:55.019562'),
(3, 'Frankrijk', 'Paris', b'1', 'Charles de Gaulle', '2025-01-22 14:02:55.019562', '2025-01-22 14:02:55.019562'),
(4, 'Spanje', 'Malaga', b'1', 'Costa del Sol', '2025-01-22 14:02:55.019562', '2025-01-22 14:02:55.019562'),
(5, 'Portugal', 'Lisbon', b'1', 'Humberto Delgado', '2025-01-22 14:02:55.019562', '2025-01-22 14:02:55.019562');

-- --------------------------------------------------------

--
-- Tabelstructuur voor tabel `contact`
--

DROP TABLE IF EXISTS `contact`;
CREATE TABLE IF NOT EXISTS `contact` (
  `Id` int NOT NULL AUTO_INCREMENT,
  `PassagierId` int DEFAULT NULL,
  `Straatnaam` varchar(100) COLLATE utf8mb4_unicode_ci DEFAULT NULL,
  `Huisnummer` int DEFAULT NULL,
  `Toevoeging` varchar(10) COLLATE utf8mb4_unicode_ci DEFAULT NULL,
  `Adres` varchar(150) COLLATE utf8mb4_unicode_ci GENERATED ALWAYS AS (concat_ws(_utf8mb4' ',`Straatnaam`,`Huisnummer`,`Toevoeging`)) STORED,
  `Postcode` varchar(10) COLLATE utf8mb4_unicode_ci DEFAULT NULL,
  `Plaats` varchar(50) COLLATE utf8mb4_unicode_ci DEFAULT NULL,
  `Mobiel` varchar(15) COLLATE utf8mb4_unicode_ci DEFAULT NULL,
  `Email` varchar(100) COLLATE utf8mb4_unicode_ci DEFAULT NULL,
  `IsActief` bit(1) DEFAULT b'1',
  `Opmerking` varchar(255) COLLATE utf8mb4_unicode_ci DEFAULT NULL,
  `AangemaaktDatum` timestamp(6) NULL DEFAULT CURRENT_TIMESTAMP(6),
  `GewijzigdDatum` timestamp(6) NULL DEFAULT CURRENT_TIMESTAMP(6) ON UPDATE CURRENT_TIMESTAMP(6),
  PRIMARY KEY (`Id`),
  KEY `PassagierId` (`PassagierId`)
) ENGINE=InnoDB AUTO_INCREMENT=6 DEFAULT CHARSET=utf8mb4 COLLATE=utf8mb4_unicode_ci;

--
-- Gegevens worden geëxporteerd voor tabel `contact`
--

INSERT INTO `contact` (`Id`, `PassagierId`, `Straatnaam`, `Huisnummer`, `Toevoeging`, `Postcode`, `Plaats`, `Mobiel`, `Email`, `IsActief`, `Opmerking`, `AangemaaktDatum`, `GewijzigdDatum`) VALUES
(1, 1, 'Nigerdreef', 345, 'A', '2345GG', 'Utrecht', '612345678', 'test1@gmail.com', b'1', 'Eerste contact', '2025-01-22 14:02:54.925006', '2025-01-22 14:02:54.925006'),
(2, 2, 'Keystraat', 12, NULL, '9945TY', 'Almere', '612345679', 'test2@gmail.com', b'1', 'Tweede contact', '2025-01-22 14:02:54.925006', '2025-01-22 14:02:54.925006'),
(3, 3, 'Boomlaan', 5, 'B', '2387HG', 'Zwolle', '612345677', 'test3@gmail.com', b'1', 'Derde contact', '2025-01-22 14:02:54.925006', '2025-01-22 14:02:54.925006'),
(4, 4, 'Hoofdkade', 45, NULL, '9856CV', 'Den Haag', '612345676', 'test4@gmail.com', b'1', 'Vierde contact', '2025-01-22 14:02:54.925006', '2025-01-22 14:02:54.925006'),
(5, 5, 'Duivenkamp', 100, 'C', '3645NM', 'Maarssen', '612345671', 'test5@gmail.com', b'1', 'Vijfde contact', '2025-01-22 14:02:54.925006', '2025-01-22 14:02:54.925006');

-- --------------------------------------------------------

--
-- Tabelstructuur voor tabel `passagier`
--

DROP TABLE IF EXISTS `passagier`;
CREATE TABLE IF NOT EXISTS `passagier` (
  `Id` int NOT NULL AUTO_INCREMENT,
  `Voornaam` varchar(50) COLLATE utf8mb4_unicode_ci DEFAULT NULL,
  `Tussenvoegsel` varchar(20) COLLATE utf8mb4_unicode_ci DEFAULT NULL,
  `Achternaam` varchar(50) COLLATE utf8mb4_unicode_ci DEFAULT NULL,
  `VolledigNaam` varchar(120) COLLATE utf8mb4_unicode_ci GENERATED ALWAYS AS (concat_ws(_utf8mb4' ',`Voornaam`,`Tussenvoegsel`,`Achternaam`)) STORED,
  `IsActief` bit(1) DEFAULT b'1',
  `Opmerking` varchar(255) COLLATE utf8mb4_unicode_ci DEFAULT NULL,
  `AangemaaktDatum` timestamp(6) NULL DEFAULT CURRENT_TIMESTAMP(6),
  `GewijzigdDatum` timestamp(6) NULL DEFAULT CURRENT_TIMESTAMP(6) ON UPDATE CURRENT_TIMESTAMP(6),
  PRIMARY KEY (`Id`)
) ENGINE=InnoDB AUTO_INCREMENT=6 DEFAULT CHARSET=utf8mb4 COLLATE=utf8mb4_unicode_ci;

--
-- Gegevens worden geëxporteerd voor tabel `passagier`
--

INSERT INTO `passagier` (`Id`, `Voornaam`, `Tussenvoegsel`, `Achternaam`, `IsActief`, `Opmerking`, `AangemaaktDatum`, `GewijzigdDatum`) VALUES
(1, 'Jan', 'van', 'Jansen', b'1', 'Eerste passagier', '2025-01-22 14:02:54.890625', '2025-01-22 14:02:54.890625'),
(2, 'Sam', NULL, 'Holland', b'1', 'Tweede passagier', '2025-01-22 14:02:54.890625', '2025-01-22 14:02:54.890625'),
(3, 'Peter', 'van der', 'Sanders', b'1', 'Derde passagier', '2025-01-22 14:02:54.890625', '2025-01-22 14:02:54.890625'),
(4, 'Adwerd', NULL, 'Tom', b'1', 'Vierde passagier', '2025-01-22 14:02:54.890625', '2025-01-22 14:02:54.890625'),
(5, 'Tom', NULL, 'Hans', b'1', 'Vijfde passagier', '2025-01-22 14:02:54.890625', '2025-01-22 14:02:54.890625');

-- --------------------------------------------------------

--
-- Tabelstructuur voor tabel `ticket`
--

DROP TABLE IF EXISTS `ticket`;
CREATE TABLE IF NOT EXISTS `ticket` (
  `Id` int NOT NULL AUTO_INCREMENT,
  `PassagierId` int DEFAULT NULL,
  `VluchtId` int DEFAULT NULL,
  `Stoelnummer` varchar(5) COLLATE utf8mb4_unicode_ci DEFAULT NULL,
  `Aankoopdatum` date DEFAULT NULL,
  `Aankooptijd` time(6) DEFAULT NULL,
  `Prijs` decimal(10,2) DEFAULT NULL,
  `Aantal` int DEFAULT NULL,
  `Btw` decimal(5,2) DEFAULT '21.00',
  `BedragIncBtw` decimal(10,2) GENERATED ALWAYS AS (round(((`Prijs` * `Aantal`) * (1 + (`Btw` / 100))),2)) STORED,
  `IsActief` bit(1) DEFAULT b'1',
  `Opmerking` varchar(255) COLLATE utf8mb4_unicode_ci DEFAULT NULL,
  `AangemaaktDatum` timestamp(6) NULL DEFAULT CURRENT_TIMESTAMP(6),
  `GewijzigdDatum` timestamp(6) NULL DEFAULT CURRENT_TIMESTAMP(6) ON UPDATE CURRENT_TIMESTAMP(6),
  PRIMARY KEY (`Id`),
  KEY `PassagierId` (`PassagierId`),
  KEY `VluchtId` (`VluchtId`)
) ENGINE=InnoDB AUTO_INCREMENT=6 DEFAULT CHARSET=utf8mb4 COLLATE=utf8mb4_unicode_ci;

--
-- Gegevens worden geëxporteerd voor tabel `ticket`
--

INSERT INTO `ticket` (`Id`, `PassagierId`, `VluchtId`, `Stoelnummer`, `Aankoopdatum`, `Aankooptijd`, `Prijs`, `Aantal`, `Btw`, `IsActief`, `Opmerking`, `AangemaaktDatum`, `GewijzigdDatum`) VALUES
(1, 1, 1, '12A', '2024-12-02', '10:00:00.000000', 200.00, 1, 21.00, b'1', 'Eerste ticket', '2025-01-22 14:02:55.134348', '2025-01-22 14:02:55.134348'),
(2, 2, 2, '14B', '2024-12-05', '11:00:00.000000', 250.00, 2, 21.00, b'1', 'Tweede ticket', '2025-01-22 14:02:55.134348', '2025-01-22 14:02:55.134348'),
(3, 3, 3, '16C', '2024-12-10', '12:00:00.000000', 300.00, 3, 21.00, b'1', 'Derde ticket', '2025-01-22 14:02:55.134348', '2025-01-22 14:02:55.134348'),
(4, 4, 4, '20D', '2024-12-15', '13:00:00.000000', 350.00, 4, 21.00, b'1', 'Vierde ticket', '2025-01-22 14:02:55.134348', '2025-01-22 14:02:55.134348'),
(5, 5, 5, '22A', '2024-12-20', '14:00:00.000000', 400.00, 5, 21.00, b'1', 'Vijfde ticket', '2025-01-22 14:02:55.134348', '2025-01-22 14:02:55.134348');

-- --------------------------------------------------------

--
-- Tabelstructuur voor tabel `vertrek`
--

DROP TABLE IF EXISTS `vertrek`;
CREATE TABLE IF NOT EXISTS `vertrek` (
  `Id` int NOT NULL AUTO_INCREMENT,
  `Land` varchar(50) COLLATE utf8mb4_unicode_ci DEFAULT NULL,
  `Luchthaven` varchar(50) COLLATE utf8mb4_unicode_ci DEFAULT NULL,
  `IsActief` bit(1) DEFAULT b'1',
  `Opmerking` varchar(255) COLLATE utf8mb4_unicode_ci DEFAULT NULL,
  `AangemaaktDatum` timestamp(6) NULL DEFAULT CURRENT_TIMESTAMP(6),
  `GewijzigdDatum` timestamp(6) NULL DEFAULT CURRENT_TIMESTAMP(6) ON UPDATE CURRENT_TIMESTAMP(6),
  PRIMARY KEY (`Id`)
) ENGINE=InnoDB AUTO_INCREMENT=6 DEFAULT CHARSET=utf8mb4 COLLATE=utf8mb4_unicode_ci;

--
-- Gegevens worden geëxporteerd voor tabel `vertrek`
--

INSERT INTO `vertrek` (`Id`, `Land`, `Luchthaven`, `IsActief`, `Opmerking`, `AangemaaktDatum`, `GewijzigdDatum`) VALUES
(1, 'Nederland', 'Amsterdam', b'1', 'Schiphol', '2025-01-22 14:02:54.965375', '2025-01-22 14:02:54.965375'),
(2, 'Engeland', 'London', b'1', 'Heathrow', '2025-01-22 14:02:54.965375', '2025-01-22 14:02:54.965375'),
(3, 'Frankrijk', 'Paris', b'1', 'Charles de Gaulle', '2025-01-22 14:02:54.965375', '2025-01-22 14:02:54.965375'),
(4, 'Spanje', 'Malaga', b'1', 'Costa del Sol', '2025-01-22 14:02:54.965375', '2025-01-22 14:02:54.965375'),
(5, 'Portugal', 'Lisbon', b'1', 'Humberto Delgado', '2025-01-22 14:02:54.965375', '2025-01-22 14:02:54.965375');

-- --------------------------------------------------------

--
-- Tabelstructuur voor tabel `vlucht`
--

DROP TABLE IF EXISTS `vlucht`;
CREATE TABLE IF NOT EXISTS `vlucht` (
  `Id` int NOT NULL AUTO_INCREMENT,
  `VertrekId` int DEFAULT NULL,
  `BestemmingId` int DEFAULT NULL,
  `Vluchtnummer` varchar(10) COLLATE utf8mb4_unicode_ci DEFAULT NULL,
  `Vertrekdatum` date DEFAULT NULL,
  `Vertrektijd` time(6) DEFAULT NULL,
  `Aankomstdatum` date DEFAULT NULL,
  `Aankomsttijd` time(6) DEFAULT NULL,
  `Vluchtstatus` varchar(20) COLLATE utf8mb4_unicode_ci DEFAULT NULL,
  `IsActief` bit(1) DEFAULT b'1',
  `Opmerking` varchar(255) COLLATE utf8mb4_unicode_ci DEFAULT NULL,
  `AangemaaktDatum` timestamp(6) NULL DEFAULT CURRENT_TIMESTAMP(6),
  `GewijzigdDatum` timestamp(6) NULL DEFAULT CURRENT_TIMESTAMP(6) ON UPDATE CURRENT_TIMESTAMP(6),
  PRIMARY KEY (`Id`),
  KEY `VertrekId` (`VertrekId`),
  KEY `BestemmingId` (`BestemmingId`)
) ENGINE=InnoDB AUTO_INCREMENT=6 DEFAULT CHARSET=utf8mb4 COLLATE=utf8mb4_unicode_ci;

--
-- Gegevens worden geëxporteerd voor tabel `vlucht`
--

INSERT INTO `vlucht` (`Id`, `VertrekId`, `BestemmingId`, `Vluchtnummer`, `Vertrekdatum`, `Vertrektijd`, `Aankomstdatum`, `Aankomsttijd`, `Vluchtstatus`, `IsActief`, `Opmerking`, `AangemaaktDatum`, `GewijzigdDatum`) VALUES
(1, 1, 1, 'NY123', '2024-01-15', '10:00:00.000000', '2024-01-15', '17:00:00.000000', 'Bevestigd', b'1', 'Eerste vlucht', '2025-01-22 14:02:55.092898', '2025-01-22 14:02:55.092898'),
(2, 1, 2, 'LD456', '2024-02-20', '11:30:00.000000', '2024-02-20', '12:30:00.000000', 'Geannuleerd', b'1', 'Tweede vlucht', '2025-01-22 14:02:55.092898', '2025-01-22 14:02:55.092898'),
(3, 1, 3, 'PA101', '2024-03-10', '12:00:00.000000', '2024-03-10', '13:30:00.000000', 'Vertraagd', b'1', 'Derde vlucht', '2025-01-22 14:02:55.092898', '2025-01-22 14:02:55.092898'),
(4, 1, 4, 'SP231', '2024-04-05', '12:30:00.000000', '2024-04-05', '14:30:00.000000', 'Aangekomen', b'1', 'Vierde vlucht', '2025-01-22 14:02:55.092898', '2025-01-22 14:02:55.092898'),
(5, 1, 5, 'LI789', '2024-05-05', '13:00:00.000000', '2024-05-05', '15:00:00.000000', 'Aangekomen', b'1', 'Vijfde vlucht', '2025-01-22 14:02:55.092898', '2025-01-22 14:02:55.092898');

-- --------------------------------------------------------

--
-- Stand-in structuur voor view `vw_getduursteticketsaflopend`
-- (Zie onder voor de actuele view)
--
DROP VIEW IF EXISTS `vw_getduursteticketsaflopend`;
CREATE TABLE IF NOT EXISTS `vw_getduursteticketsaflopend` (
`Aankomstdatum` date
,`Aankomsttijd` varchar(10)
,`AantalTickets` int
,`Adres` varchar(150)
,`BestemmingLand` varchar(50)
,`PrijsPerTicketExcBtw` decimal(10,2)
,`Stoelnummer` varchar(5)
,`TotaalBedragIncBtw` decimal(10,2)
,`Vertrekdatum` date
,`VertrekLand` varchar(50)
,`Vertrektijd` varchar(10)
,`Vluchtnummer` varchar(10)
,`VolledigNaam` varchar(122)
);

-- --------------------------------------------------------

--
-- Stand-in structuur voor view `vw_getgewenstebestemmingenaflopend`
-- (Zie onder voor de actuele view)
--
DROP VIEW IF EXISTS `vw_getgewenstebestemmingenaflopend`;
CREATE TABLE IF NOT EXISTS `vw_getgewenstebestemmingenaflopend` (
`Aankomstdatum` date
,`Aankomsttijd` varchar(10)
,`AantalTickets` int
,`Adres` varchar(150)
,`BestemmingLand` varchar(50)
,`PrijsPerTicketExcBtw` decimal(10,2)
,`Stoelnummer` varchar(5)
,`TotaalBedragIncBtw` decimal(10,2)
,`Vertrekdatum` date
,`VertrekLand` varchar(50)
,`Vertrektijd` varchar(10)
,`Vluchtnummer` varchar(10)
,`VolledigNaam` varchar(122)
);

-- --------------------------------------------------------

--
-- Structuur voor de view `vw_getduursteticketsaflopend`
--
DROP TABLE IF EXISTS `vw_getduursteticketsaflopend`;

DROP VIEW IF EXISTS `vw_getduursteticketsaflopend`;
CREATE ALGORITHM=UNDEFINED DEFINER=`root`@`localhost` SQL SECURITY DEFINER VIEW `vw_getduursteticketsaflopend`  AS SELECT concat_ws(' ',`p`.`Voornaam`,`p`.`Tussenvoegsel`,`p`.`Achternaam`) AS `VolledigNaam`, `c`.`Adres` AS `Adres`, `t`.`Prijs` AS `PrijsPerTicketExcBtw`, `t`.`Aantal` AS `AantalTickets`, `t`.`BedragIncBtw` AS `TotaalBedragIncBtw`, `t`.`Stoelnummer` AS `Stoelnummer`, `v`.`Vluchtnummer` AS `Vluchtnummer`, `vertrek`.`Land` AS `VertrekLand`, `v`.`Vertrekdatum` AS `Vertrekdatum`, time_format(`v`.`Vertrektijd`,'%H:%i') AS `Vertrektijd`, `bestemming`.`Land` AS `BestemmingLand`, `v`.`Aankomstdatum` AS `Aankomstdatum`, time_format(`v`.`Aankomsttijd`,'%H:%i') AS `Aankomsttijd` FROM (((((`ticket` `t` join `passagier` `p` on((`t`.`PassagierId` = `p`.`Id`))) join `vlucht` `v` on((`t`.`VluchtId` = `v`.`Id`))) join `contact` `c` on((`p`.`Id` = `c`.`PassagierId`))) join `vertrek` on((`v`.`VertrekId` = `vertrek`.`Id`))) join `bestemming` on((`v`.`BestemmingId` = `bestemming`.`Id`))) ORDER BY `t`.`BedragIncBtw` DESC ;

-- --------------------------------------------------------

--
-- Structuur voor de view `vw_getgewenstebestemmingenaflopend`
--
DROP TABLE IF EXISTS `vw_getgewenstebestemmingenaflopend`;

DROP VIEW IF EXISTS `vw_getgewenstebestemmingenaflopend`;
CREATE ALGORITHM=UNDEFINED DEFINER=`root`@`localhost` SQL SECURITY DEFINER VIEW `vw_getgewenstebestemmingenaflopend`  AS SELECT concat_ws(' ',`p`.`Voornaam`,`p`.`Tussenvoegsel`,`p`.`Achternaam`) AS `VolledigNaam`, `c`.`Adres` AS `Adres`, `t`.`Prijs` AS `PrijsPerTicketExcBtw`, `t`.`Aantal` AS `AantalTickets`, `t`.`BedragIncBtw` AS `TotaalBedragIncBtw`, `t`.`Stoelnummer` AS `Stoelnummer`, `v`.`Vluchtnummer` AS `Vluchtnummer`, `vertrek`.`Land` AS `VertrekLand`, `v`.`Vertrekdatum` AS `Vertrekdatum`, time_format(`v`.`Vertrektijd`,'%H:%i') AS `Vertrektijd`, `bestemming`.`Land` AS `BestemmingLand`, `v`.`Aankomstdatum` AS `Aankomstdatum`, time_format(`v`.`Aankomsttijd`,'%H:%i') AS `Aankomsttijd` FROM (((((`ticket` `t` join `passagier` `p` on((`t`.`PassagierId` = `p`.`Id`))) join `vlucht` `v` on((`t`.`VluchtId` = `v`.`Id`))) join `contact` `c` on((`p`.`Id` = `c`.`PassagierId`))) join `vertrek` on((`v`.`VertrekId` = `vertrek`.`Id`))) join `bestemming` on((`v`.`BestemmingId` = `bestemming`.`Id`))) ORDER BY `bestemming`.`Land` DESC ;

--
-- Beperkingen voor geëxporteerde tabellen
--

--
-- Beperkingen voor tabel `contact`
--
ALTER TABLE `contact`
  ADD CONSTRAINT `contact_ibfk_1` FOREIGN KEY (`PassagierId`) REFERENCES `passagier` (`Id`);

--
-- Beperkingen voor tabel `ticket`
--
ALTER TABLE `ticket`
  ADD CONSTRAINT `ticket_ibfk_1` FOREIGN KEY (`PassagierId`) REFERENCES `passagier` (`Id`),
  ADD CONSTRAINT `ticket_ibfk_2` FOREIGN KEY (`VluchtId`) REFERENCES `vlucht` (`Id`);

--
-- Beperkingen voor tabel `vlucht`
--
ALTER TABLE `vlucht`
  ADD CONSTRAINT `vlucht_ibfk_1` FOREIGN KEY (`VertrekId`) REFERENCES `vertrek` (`Id`),
  ADD CONSTRAINT `vlucht_ibfk_2` FOREIGN KEY (`BestemmingId`) REFERENCES `bestemming` (`Id`);
--
-- Database: `travel_easy`
--
CREATE DATABASE IF NOT EXISTS `travel_easy` DEFAULT CHARACTER SET utf8mb4 COLLATE utf8mb4_0900_ai_ci;
USE `travel_easy`;

-- --------------------------------------------------------

--
-- Tabelstructuur voor tabel `customers`
--

DROP TABLE IF EXISTS `customers`;
CREATE TABLE IF NOT EXISTS `customers` (
  `id` int NOT NULL AUTO_INCREMENT,
  `first_name` varchar(50) DEFAULT NULL,
  `last_name` varchar(50) DEFAULT NULL,
  `contact` varchar(100) DEFAULT NULL,
  `purchase_history` text,
  PRIMARY KEY (`id`)
) ENGINE=MyISAM AUTO_INCREMENT=11 DEFAULT CHARSET=utf8mb4 COLLATE=utf8mb4_0900_ai_ci;

--
-- Gegevens worden geëxporteerd voor tabel `customers`
--

INSERT INTO `customers` (`id`, `first_name`, `last_name`, `contact`, `purchase_history`) VALUES
(1, 'Jan', 'Jansen', 'jan@example.com', 'Boek Parijs'),
(2, 'Piet', 'Pietersen', 'piet@example.com', 'Vliegticket naar Londen'),
(3, 'Anna', 'Bakker', 'anna@example.com', 'Tour door Rome'),
(4, 'Lisa', 'Vermeer', 'lisa@example.com', 'Hotel in Berlijn'),
(5, 'Tom', 'Smits', 'tom@example.com', 'Vakantie naar Spanje'),
(6, 'Sarah', 'De Vries', 'sarah@example.com', 'Excursie naar Egypte'),
(7, 'Lucas', 'Van Dijk', 'lucas@example.com', 'Roadtrip door Italië'),
(8, 'Emma', 'Koster', 'emma@example.com', 'Treinreis door Duitsland'),
(9, 'Daan', 'Peeters', 'daan@example.com', 'Vakantie naar Griekenland'),
(10, 'Eva', 'Bos', 'eva@example.com', 'Cruise naar de Caribbean');

-- --------------------------------------------------------

--
-- Tabelstructuur voor tabel `destinations`
--

DROP TABLE IF EXISTS `destinations`;
CREATE TABLE IF NOT EXISTS `destinations` (
  `id` int NOT NULL AUTO_INCREMENT,
  `destination` varchar(100) DEFAULT NULL,
  PRIMARY KEY (`id`),
  UNIQUE KEY `destination` (`destination`)
) ENGINE=MyISAM AUTO_INCREMENT=11 DEFAULT CHARSET=utf8mb4 COLLATE=utf8mb4_0900_ai_ci;

--
-- Gegevens worden geëxporteerd voor tabel `destinations`
--

INSERT INTO `destinations` (`id`, `destination`) VALUES
(1, 'Parijs'),
(2, 'Londen'),
(3, 'Rome'),
(4, 'Berlijn'),
(5, 'Spanje'),
(6, 'Egypte'),
(7, 'Italië'),
(8, 'Duitsland'),
(9, 'Griekenland'),
(10, 'Caribbean');

-- --------------------------------------------------------

--
-- Tabelstructuur voor tabel `visitors`
--

DROP TABLE IF EXISTS `visitors`;
CREATE TABLE IF NOT EXISTS `visitors` (
  `id` int NOT NULL AUTO_INCREMENT,
  `name` varchar(100) DEFAULT NULL,
  `email` varchar(100) DEFAULT NULL,
  `destination` varchar(100) DEFAULT NULL,
  PRIMARY KEY (`id`)
) ENGINE=MyISAM AUTO_INCREMENT=6 DEFAULT CHARSET=utf8mb4 COLLATE=utf8mb4_0900_ai_ci;

--
-- Gegevens worden geëxporteerd voor tabel `visitors`
--

INSERT INTO `visitors` (`id`, `name`, `email`, `destination`) VALUES
(1, 'Mark Rutte', 'mark@example.com', 'Parijs'),
(2, 'Angela Merkel', 'angela@example.com', 'Berlijn'),
(3, 'Emmanuel Macron', 'macron@example.com', 'Londen'),
(4, 'Pedro Sanchez', 'pedro@example.com', 'Spanje'),
(5, 'Mario Draghi', 'mario@example.com', 'Italië');
--
-- Database: `verlofdb`
--
CREATE DATABASE IF NOT EXISTS `verlofdb` DEFAULT CHARACTER SET utf8mb4 COLLATE utf8mb4_0900_ai_ci;
USE `verlofdb`;

-- --------------------------------------------------------

--
-- Tabelstructuur voor tabel `contract`
--

DROP TABLE IF EXISTS `contract`;
CREATE TABLE IF NOT EXISTS `contract` (
  `Id` int NOT NULL AUTO_INCREMENT,
  `MedewerkerId` int DEFAULT NULL,
  `Soort` varchar(50) DEFAULT NULL,
  `AantalurenPerWeek` int DEFAULT NULL,
  `Uurloon` decimal(10,2) DEFAULT NULL,
  `Salaris` decimal(10,2) GENERATED ALWAYS AS ((`AantalurenPerWeek` * `Uurloon`)) STORED,
  `DatumInDienst` date DEFAULT NULL,
  `Begindatum` date DEFAULT NULL,
  `Einddatum` date DEFAULT NULL,
  `IsActief` tinyint(1) DEFAULT '1',
  `Opmerking` text,
  `AangemaaktDatum` timestamp NULL DEFAULT CURRENT_TIMESTAMP,
  `GewijzigdDatum` timestamp NULL DEFAULT CURRENT_TIMESTAMP ON UPDATE CURRENT_TIMESTAMP,
  PRIMARY KEY (`Id`),
  KEY `MedewerkerId` (`MedewerkerId`)
) ENGINE=InnoDB AUTO_INCREMENT=6 DEFAULT CHARSET=utf8mb4 COLLATE=utf8mb4_0900_ai_ci;

--
-- Gegevens worden geëxporteerd voor tabel `contract`
--

INSERT INTO `contract` (`Id`, `MedewerkerId`, `Soort`, `AantalurenPerWeek`, `Uurloon`, `DatumInDienst`, `Begindatum`, `Einddatum`, `IsActief`, `Opmerking`, `AangemaaktDatum`, `GewijzigdDatum`) VALUES
(1, 1, 'Bepaldtijd', 40, 20.00, '2022-01-31', '2022-01-31', '2022-12-31', 1, NULL, '2025-01-23 10:55:51', '2025-01-23 10:55:51'),
(2, 2, 'OnBepaldtijd', 40, 25.00, '2020-01-31', '2020-01-31', NULL, 1, NULL, '2025-01-23 10:55:51', '2025-01-23 10:55:51'),
(3, 3, 'Bepaldtijd', 32, 30.00, '2021-01-31', '2021-01-31', '2021-12-31', 1, NULL, '2025-01-23 10:55:51', '2025-01-23 10:55:51'),
(4, 4, 'OnBepaldtijd', 32, 35.00, '2023-01-31', '2023-01-31', NULL, 1, NULL, '2025-01-23 10:55:51', '2025-01-23 10:55:51'),
(5, 5, 'Bepaldtijd', 40, 40.00, '2024-01-31', '2024-01-31', '2024-12-31', 1, NULL, '2025-01-23 10:55:51', '2025-01-23 10:55:51');

-- --------------------------------------------------------

--
-- Tabelstructuur voor tabel `medewerker`
--

DROP TABLE IF EXISTS `medewerker`;
CREATE TABLE IF NOT EXISTS `medewerker` (
  `Id` int NOT NULL AUTO_INCREMENT,
  `Voornaam` varchar(100) DEFAULT NULL,
  `Tussenvoegsel` varchar(100) DEFAULT NULL,
  `Achternaam` varchar(100) DEFAULT NULL,
  `Volledigenaam` varchar(200) GENERATED ALWAYS AS (concat(`Voornaam`,_utf8mb4' ',`Tussenvoegsel`,_utf8mb4' ',`Achternaam`)) STORED,
  `Nummer` varchar(15) DEFAULT NULL,
  `IsActief` tinyint(1) DEFAULT '1',
  `Opmerking` text,
  `AangemaaktDatum` timestamp NULL DEFAULT CURRENT_TIMESTAMP,
  `GewijzigdDatum` timestamp NULL DEFAULT CURRENT_TIMESTAMP ON UPDATE CURRENT_TIMESTAMP,
  PRIMARY KEY (`Id`)
) ENGINE=InnoDB AUTO_INCREMENT=6 DEFAULT CHARSET=utf8mb4 COLLATE=utf8mb4_0900_ai_ci;

--
-- Gegevens worden geëxporteerd voor tabel `medewerker`
--

INSERT INTO `medewerker` (`Id`, `Voornaam`, `Tussenvoegsel`, `Achternaam`, `Nummer`, `IsActief`, `Opmerking`, `AangemaaktDatum`, `GewijzigdDatum`) VALUES
(1, 'Alice', '', 'Sanders', '123456', 1, NULL, '2025-01-23 10:55:51', '2025-01-23 10:55:51'),
(2, 'Bob', 'de', 'Ruijter', '223456', 1, NULL, '2025-01-23 10:55:51', '2025-01-23 10:55:51'),
(3, 'Diana', 'van', 'Holland', '423456', 1, NULL, '2025-01-23 10:55:51', '2025-01-23 10:55:51'),
(4, 'Eve', 'van der', 'Smit', '523456', 1, NULL, '2025-01-23 10:55:51', '2025-01-23 10:55:51'),
(5, 'Hans', '', 'Odijk', '323456', 1, NULL, '2025-01-23 10:55:51', '2025-01-23 10:55:51');

-- --------------------------------------------------------

--
-- Tabelstructuur voor tabel `verlof`
--

DROP TABLE IF EXISTS `verlof`;
CREATE TABLE IF NOT EXISTS `verlof` (
  `Id` int NOT NULL AUTO_INCREMENT,
  `Rechtenuren` decimal(10,2) DEFAULT NULL,
  `Verlofuren` decimal(10,2) DEFAULT NULL,
  `Saldouren` decimal(10,2) DEFAULT NULL,
  `Begindatum` date DEFAULT NULL,
  `Einddatum` date DEFAULT NULL,
  `Soort` varchar(50) DEFAULT NULL,
  `Verlofstatus` varchar(50) DEFAULT NULL,
  `IsActief` tinyint(1) DEFAULT '1',
  `Opmerking` text,
  `AangemaaktDatum` timestamp NULL DEFAULT CURRENT_TIMESTAMP,
  `GewijzigdDatum` timestamp NULL DEFAULT CURRENT_TIMESTAMP ON UPDATE CURRENT_TIMESTAMP,
  PRIMARY KEY (`Id`)
) ENGINE=InnoDB AUTO_INCREMENT=6 DEFAULT CHARSET=utf8mb4 COLLATE=utf8mb4_0900_ai_ci;

--
-- Gegevens worden geëxporteerd voor tabel `verlof`
--

INSERT INTO `verlof` (`Id`, `Rechtenuren`, `Verlofuren`, `Saldouren`, `Begindatum`, `Einddatum`, `Soort`, `Verlofstatus`, `IsActief`, `Opmerking`, `AangemaaktDatum`, `GewijzigdDatum`) VALUES
(1, 200.00, 8.00, 192.00, '2024-12-31', '2025-12-31', 'Verlof', 'Goedgekeurd', 1, NULL, '2025-01-23 10:55:51', '2025-01-23 10:55:51'),
(2, 200.00, 16.00, 184.00, '2024-11-10', '2024-11-11', 'Zorg', 'Goedgekeurd', 1, NULL, '2025-01-23 10:55:51', '2025-01-23 10:55:51'),
(3, 200.00, 40.00, 160.00, '2024-10-01', '2024-10-07', 'Ouderschap', 'Goedgekeurd', 1, NULL, '2025-01-23 10:55:51', '2025-01-23 10:55:51'),
(4, 200.00, 8.00, 192.00, '2025-02-03', '2025-02-03', 'Studie', 'Inbehandeling', 1, NULL, '2025-01-23 10:55:51', '2025-01-23 10:55:51'),
(5, 200.00, 24.00, 176.00, '2024-12-27', '2024-12-31', 'Onbetaald', 'Afgekeurd', 1, NULL, '2025-01-23 10:55:51', '2025-01-23 10:55:51');

-- --------------------------------------------------------

--
-- Tabelstructuur voor tabel `verlofaanvraag`
--

DROP TABLE IF EXISTS `verlofaanvraag`;
CREATE TABLE IF NOT EXISTS `verlofaanvraag` (
  `Id` int NOT NULL AUTO_INCREMENT,
  `ContractId` int DEFAULT NULL,
  `VerlofId` int DEFAULT NULL,
  `Gevraagdverlof` decimal(10,2) DEFAULT NULL,
  `Datumaanvraag` date DEFAULT NULL,
  `Begindatum` date DEFAULT NULL,
  `Einddatum` date DEFAULT NULL,
  `Reden` text,
  `Aanvraagstatus` varchar(50) DEFAULT NULL,
  `IsActief` tinyint(1) DEFAULT '1',
  `Opmerking` text,
  `AangemaaktDatum` timestamp NULL DEFAULT CURRENT_TIMESTAMP,
  `GewijzigdDatum` timestamp NULL DEFAULT CURRENT_TIMESTAMP ON UPDATE CURRENT_TIMESTAMP,
  PRIMARY KEY (`Id`),
  KEY `ContractId` (`ContractId`),
  KEY `VerlofId` (`VerlofId`)
) ENGINE=InnoDB AUTO_INCREMENT=6 DEFAULT CHARSET=utf8mb4 COLLATE=utf8mb4_0900_ai_ci;

--
-- Gegevens worden geëxporteerd voor tabel `verlofaanvraag`
--

INSERT INTO `verlofaanvraag` (`Id`, `ContractId`, `VerlofId`, `Gevraagdverlof`, `Datumaanvraag`, `Begindatum`, `Einddatum`, `Reden`, `Aanvraagstatus`, `IsActief`, `Opmerking`, `AangemaaktDatum`, `GewijzigdDatum`) VALUES
(1, 1, 1, 8.00, '2024-12-23', '2024-12-31', '2025-12-31', 'Een vrije dag', 'Goedgekeurd', 1, NULL, '2025-01-23 10:55:51', '2025-01-23 10:55:51'),
(2, 2, 2, 16.00, '2024-10-28', '2024-11-04', '2024-11-05', 'Kijk operatie', 'Goedgekeurd', 1, NULL, '2025-01-23 10:55:51', '2025-01-23 10:55:51'),
(3, 3, 3, 40.00, '2024-10-01', '2024-10-01', '2024-10-07', 'Adoptie van kind', 'Goedgekeurd', 1, NULL, '2025-01-23 10:55:51', '2025-01-23 10:55:51'),
(4, 4, 4, 8.00, '2025-01-30', '2025-02-03', '2025-02-03', 'Tentamen', 'Inbehandeling', 1, NULL, '2025-01-23 10:55:51', '2025-01-23 10:55:51'),
(5, 5, 5, 24.00, '2024-12-20', '2024-12-27', '2024-12-31', 'Vakantie', 'Afgekeurd', 1, NULL, '2025-01-23 10:55:51', '2025-01-23 10:55:51');

--
-- Beperkingen voor geëxporteerde tabellen
--

--
-- Beperkingen voor tabel `contract`
--
ALTER TABLE `contract`
  ADD CONSTRAINT `contract_ibfk_1` FOREIGN KEY (`MedewerkerId`) REFERENCES `medewerker` (`Id`);

--
-- Beperkingen voor tabel `verlofaanvraag`
--
ALTER TABLE `verlofaanvraag`
  ADD CONSTRAINT `verlofaanvraag_ibfk_1` FOREIGN KEY (`ContractId`) REFERENCES `contract` (`Id`),
  ADD CONSTRAINT `verlofaanvraag_ibfk_2` FOREIGN KEY (`VerlofId`) REFERENCES `verlof` (`Id`);
COMMIT;

/*!40101 SET CHARACTER_SET_CLIENT=@OLD_CHARACTER_SET_CLIENT */;
/*!40101 SET CHARACTER_SET_RESULTS=@OLD_CHARACTER_SET_RESULTS */;
/*!40101 SET COLLATION_CONNECTION=@OLD_COLLATION_CONNECTION */;
